title,linkUrl,serviceTimeForCardList
"심슨가족, 해리스 대권 도전도 예측?…“로또 번호 좀”",https://n.news.naver.com/article/020/0003577929?type=journalists,2024.07.23.
트럼프 前참모 “당선시 北 김정은 브로맨스 재점화 시도할 것”,https://n.news.naver.com/article/020/0003577888?type=journalists,2024.07.23.
‘봉화 농약 사건’ 5명 중 3명 의식 회복…“상태 지켜보고 진술”,https://n.news.naver.com/article/020/0003577663?type=journalists,2024.07.22.
트럼프 “해리스는 바이든보다 이기기 더 쉬워”,https://n.news.naver.com/article/020/0003577659?type=journalists,2024.07.22.
"전쟁기념사업회, 주한미국대사관과 함께 ‘미해군 군악대 연주회’ 개최",https://n.news.naver.com/article/020/0003577651?type=journalists,2024.07.22.
"‘질주 트럭’에 올라탄 그 청년, 유망한 프로축구 선수였다[따만사]",https://n.news.naver.com/article/020/0003577339?type=journalists,2024.07.19.
‘두 아들 건다’ 했던 카라큘라 어디로?…사무실 간판 사라졌다,https://n.news.naver.com/article/020/0003577146?type=journalists,2024.07.18.
“공항 생긴 이래 이정도 엉뚱한 경호 처음”…변우석 불똥 맞은 인천공항 사장,https://n.news.naver.com/article/020/0003577105?type=journalists,2024.07.18.
“원한 살 사람들 아냐”…4명 쓰러진 봉화 주민들 충격,https://n.news.naver.com/article/020/0003577091?type=journalists,2024.07.18.
"박세리, 父 고소 후 근황…“잘 처리하고 진행 중”",https://n.news.naver.com/article/020/0003577085?type=journalists,2024.07.18.
"심슨가족, 해리스 대권 도전도 예측?…“로또 번호 좀”",https://n.news.naver.com/article/020/0003577929?type=journalists,2024.07.23.
트럼프 前참모 “당선시 北 김정은 브로맨스 재점화 시도할 것”,https://n.news.naver.com/article/020/0003577888?type=journalists,2024.07.23.
‘봉화 농약 사건’ 5명 중 3명 의식 회복…“상태 지켜보고 진술”,https://n.news.naver.com/article/020/0003577663?type=journalists,2024.07.22.
트럼프 “해리스는 바이든보다 이기기 더 쉬워”,https://n.news.naver.com/article/020/0003577659?type=journalists,2024.07.22.
"전쟁기념사업회, 주한미국대사관과 함께 ‘미해군 군악대 연주회’ 개최",https://n.news.naver.com/article/020/0003577651?type=journalists,2024.07.22.
"‘질주 트럭’에 올라탄 그 청년, 유망한 프로축구 선수였다[따만사]",https://n.news.naver.com/article/020/0003577339?type=journalists,2024.07.19.
‘두 아들 건다’ 했던 카라큘라 어디로?…사무실 간판 사라졌다,https://n.news.naver.com/article/020/0003577146?type=journalists,2024.07.18.
“공항 생긴 이래 이정도 엉뚱한 경호 처음”…변우석 불똥 맞은 인천공항 사장,https://n.news.naver.com/article/020/0003577105?type=journalists,2024.07.18.
“원한 살 사람들 아냐”…4명 쓰러진 봉화 주민들 충격,https://n.news.naver.com/article/020/0003577091?type=journalists,2024.07.18.
"박세리, 父 고소 후 근황…“잘 처리하고 진행 중”",https://n.news.naver.com/article/020/0003577085?type=journalists,2024.07.18.
정준하 11세 아들 4개 국어…“자식 농사 잘 지었네”,https://n.news.naver.com/article/020/0003577078?type=journalists,2024.07.18.
"오리고기 탓 아니었나? “농약 검출 4명, 식사 후 커피 마셨다” 진술 확보",https://n.news.naver.com/article/020/0003577043?type=journalists,2024.07.18.
전기 고치다 감전…82세 할머니가 ‘유튜브’ 보고 살렸다,https://n.news.naver.com/article/020/0003576885?type=journalists,2024.07.17.
"‘종이 한 장차’ 트럼프 겨눈 총알, 어떻게 얼굴 비껴갔나 보니…[영상]",https://n.news.naver.com/article/020/0003576853?type=journalists,2024.07.17.
가슴 수술 영상 쫙 퍼졌는데…“어 나잖아?” 中여성 충격,https://n.news.naver.com/article/020/0003576814?type=journalists,2024.07.17.
변우석 최소 경호 속 귀국…직접 사과는 없었다,https://n.news.naver.com/article/020/0003576804?type=journalists,2024.07.17.
"“잘 이겨내고 있는 줄 알았는데, 황망”…현철 별세에 가요계 애도",https://n.news.naver.com/article/020/0003576589?type=journalists,2024.07.16.
봉천터널 달리던 5t 트럭 엔진 화재…출근길 교통통제,https://n.news.naver.com/article/020/0003576581?type=journalists,2024.07.16.
"“홍명보 감독 선임은 업무방해·배임”…시민단체, 정몽규 회장 고발",https://n.news.naver.com/article/020/0003576370?type=journalists,2024.07.15.
김형인 “음주운전 ‘웃찾사’ 개그맨 저 아닙니다…가정도 있는데”,https://n.news.naver.com/article/020/0003576362?type=journalists,2024.07.15.
“징역 10년 너무 약해” 검찰 ‘만취 벤츠 운전’ DJ 판결에 항소,https://n.news.naver.com/article/020/0003576347?type=journalists,2024.07.15.
"40대 개그맨 만취 운전, 중앙분리대 들이받고 전복 사고",https://n.news.naver.com/article/020/0003576301?type=journalists,2024.07.15.
"전쟁기념사업회, 6·25전쟁 참전 영웅 ‘구필 대위’ 유물기증식 개최",https://n.news.naver.com/article/020/0003576019?type=journalists,2024.07.12.
포르쉐 타고 나타난 허경영…“신도 성추행? 나도 그들 맞고소”,https://n.news.naver.com/article/020/0003576011?type=journalists,2024.07.12.
수입 2배 높은데…‘노인 일자리’보다 ‘폐지’ 줍는 이유는?,https://n.news.naver.com/article/020/0003575962?type=journalists,2024.07.12.
한컴 차남 법정구속 ‘징역 3년’…“사회적 해악 너무 커 엄벌”,https://n.news.naver.com/article/020/0003575923?type=journalists,2024.07.12.
제주 3살 남아 행방 불명…엄마는 출국·아빠는 연락두절,https://n.news.naver.com/article/020/0003575772?type=journalists,2024.07.11.
‘車 4대 쾅쾅’ 산으로 사라진 운전자…“눈 떠보니 풀숲” 주장,https://n.news.naver.com/article/020/0003575754?type=journalists,2024.07.11.
손흥민 이름 내건 유소년 축구대회…손흥민 이름 뗀다 왜?,https://n.news.naver.com/article/020/0003575705?type=journalists,2024.07.11.
얼마나 예쁠까?…세계 첫 ‘미스 AI’ 우승은 히잡 쓴 ‘모로코女’,https://n.news.naver.com/article/020/0003575543?type=journalists,2024.07.10.
“어머 깜빡했네”…‘노쇼’ 항의하자 “대기업에 장사 하기 싫어?”,https://n.news.naver.com/article/020/0003575503?type=journalists,2024.07.10.
‘마약 전과’ 로버트 할리 “5~6년간 집에만…아들 루머는 가짜”,https://n.news.naver.com/article/020/0003575492?type=journalists,2024.07.10.
‘파타야 드럼통 살인사건’ 피의자 국내 강제 송환…검거 58일만,https://n.news.naver.com/article/020/0003575478?type=journalists,2024.07.10.
진중권 “김 여사와 57분 통화…주변서 사과 극구 말렸다고 해”,https://n.news.naver.com/article/020/0003575471?type=journalists,2024.07.10.
"알몸으로 모텔 뛰쳐나온 여고생, 편의점 달려가 “도와주세요”",https://n.news.naver.com/article/020/0003575318?type=journalists,2024.07.09.
이륙한 여객기에서 바퀴 뚝↓…“뭐가 굴러가요” 신고,https://n.news.naver.com/article/020/0003575311?type=journalists,2024.07.09.
‘부자아빠’ 기요사키 “부동산·주식·비트코인 다 폭락할 것…그 뒤 상승”,https://n.news.naver.com/article/020/0003575260?type=journalists,2024.07.09.
전국 천둥·돌풍 장맛비…이틀간 최대 120㎜ 물폭탄 쏟아져,https://n.news.naver.com/article/020/0003575236?type=journalists,2024.07.09.
[온라인 라운지]울란바토르에 ‘몽골 현대병원’ 개원…45병상 갖춰,https://n.news.naver.com/article/020/0003574972?type=journalists,2024.07.08.
“8시간 동안 150건 주문”…환불 안해줬다고 ‘주문 테러’,https://n.news.naver.com/article/020/0003574809?type=journalists,2024.07.06.
서울역 인근서 車 ‘인도 돌진’ 2명 부상…“부아앙~쾅 소리” 급발진 조사,https://n.news.naver.com/article/020/0003574807?type=journalists,2024.07.06.
“급발진 증거 남기자”…페달 블랙박스 구매 300%↑,https://n.news.naver.com/article/020/0003574805?type=journalists,2024.07.06.
“아빠가 딸 폭행”…이혼 유리하려 ‘허위 고소’한 모녀 징역형,https://n.news.naver.com/article/020/0003574803?type=journalists,2024.07.06.
점당 200원 ‘고스톱’ 쳤다가 법정 선 노인들…법원 판결은?,https://n.news.naver.com/article/020/0003574801?type=journalists,2024.07.06.
‘또 돈뭉치’…울산 아파트 화단서 2500만원 추가 발견,https://n.news.naver.com/article/020/0003574798?type=journalists,2024.07.06.
“손흥민 떴다!” 동네 축구장에 깜짝등장…순식간 2000명 몰려 경찰투입,https://n.news.naver.com/article/020/0003574795?type=journalists,2024.07.06.
“이 길을 어떻게 오르라고” 상명대 ‘지옥의 오르막’ 버스 중단 고심,https://n.news.naver.com/article/020/0003574793?type=journalists,2024.07.06.
"출근길 뺑소니 30대女, 다음날 또 만취운전해 4중추돌",https://n.news.naver.com/article/020/0003574792?type=journalists,2024.07.06.
한동훈 “팬덤? 나이들면 주제파악 잘해야…이재명처럼 할생각 없어”,https://n.news.naver.com/article/020/0003574791?type=journalists,2024.07.06.
만취 지인 업고 내려주다 머리 ‘쿵’ 사망…법원 판결은?,https://n.news.naver.com/article/020/0003574790?type=journalists,2024.07.06.
2002 활약 ‘축구스타’ 전 재산 뺏기고 美망명…“택시 운전”,https://n.news.naver.com/article/020/0003574716?type=journalists,2024.07.05.
"기말고사 보다가 돌연 사라진 10대, 사흘만에 지구대 찾아와",https://n.news.naver.com/article/020/0003574706?type=journalists,2024.07.05.
"김해준♥김승혜 10월 결혼, 코미디언 21호 부부…“폰 난리 났을 듯”",https://n.news.naver.com/article/020/0003574672?type=journalists,2024.07.05.
“이젠 집사자”…2년8개월 만에 서울 아파트 ‘수요’가 앞질렀다,https://n.news.naver.com/article/020/0003574631?type=journalists,2024.07.05.
"살렘 빈 하마드 알 나빗 카타르 총참모장, 전쟁기념사업회 방문",https://n.news.naver.com/article/020/0003574481?type=journalists,2024.07.04.
필리버스터 중 잠든 김민전·최수진 “너무 피곤해서…죄송”,https://n.news.naver.com/article/020/0003574448?type=journalists,2024.07.04.
“北 전쟁관 수용해야” 주장 시민단체 이사장 검찰 송치,https://n.news.naver.com/article/020/0003574415?type=journalists,2024.07.04.
"6·25전쟁 룩셈부르크 참전용사 특별전, 전쟁기념관서 개막",https://n.news.naver.com/article/020/0003574265?type=journalists,2024.07.03.
8분50초만에 한동훈 후원금 1.5억 채워…2년전 이재명은 2시간,https://n.news.naver.com/article/020/0003573974?type=journalists,2024.07.02.
“아빠 아니라고 해줘”…한밤중 ‘청천벽력’ 유족들 ‘오열’ [시청역 교통사고],https://n.news.naver.com/article/020/0003573931?type=journalists,2024.07.02.
"전쟁기념사업회, 6·25전쟁 참전국 출신 아이돌 ‘블랙스완’ 굿윌앰버서더 위촉",https://n.news.naver.com/article/020/0003573753?type=journalists,2024.07.01.
“중고차 샀는데 유서와 매트 탄 자국?”…그냥 타기로 한 이유,https://n.news.naver.com/article/020/0003573690?type=journalists,2024.07.01.
‘김만배와 돈거래’ 前 언론사 간부 숨진 채 발견…檢 “깊은 애도”,https://n.news.naver.com/article/020/0003573684?type=journalists,2024.07.01.
유명 호수에 다리 담갔을 뿐인데…공만한 물집 뒤덮여,https://n.news.naver.com/article/020/0003572835?type=journalists,2024.06.26.
6·25전쟁 발발일 맞아 전쟁기념관서 다양한 행사 개최,https://n.news.naver.com/article/020/0003572806?type=journalists,2024.06.26.
“인증샷 찍었냐” 서울시의회 ‘의장 부정선거 의혹’ 내홍,https://n.news.naver.com/article/020/0003572327?type=journalists,2024.06.24.
"[온라인 라운지]전쟁기념사업회, 국방대와 제3회 KWO 나지포럼 성료",https://n.news.naver.com/article/020/0003572295?type=journalists,2024.06.24.
“친누나 연락 안돼요”…6개월차 신임 순경이 실종자 찾았다,https://n.news.naver.com/article/020/0003572287?type=journalists,2024.06.24.
20억원 들인 182m다리 개통 직전 ‘와르르’…“세금 낭비 끝판왕” (영상),https://n.news.naver.com/article/020/0003572008?type=journalists,2024.06.21.
"[온라인 라운지]소토 주한멕시코대사, 전쟁기념사업회 방문",https://n.news.naver.com/article/020/0003571992?type=journalists,2024.06.21.
[단독] 길가다 꽁초 던져 차 불낸 범인은 고교생…“결국 잡혀”,https://n.news.naver.com/article/020/0003571969?type=journalists,2024.06.21.
"[온라인 라운지]백승주 “나라 위해 헌신한 분들, 국가가 끝까지 책임지는 것은 당연”",https://n.news.naver.com/article/020/0003571950?type=journalists,2024.06.21.
무명 개그맨 정승빈 유튜브 대박나 年 6억 수입…“매달 3000만원 저금”,https://n.news.naver.com/article/020/0003571941?type=journalists,2024.06.21.
윤상현 “원희룡 날 돕겠다 했는데…당권 도전 전혀 예상 못해”,https://n.news.naver.com/article/020/0003571922?type=journalists,2024.06.21.
“비싼 관 필요 없다”…日서 유행한다는 ‘골판지 관’ 정체는,https://n.news.naver.com/article/020/0003571768?type=journalists,2024.06.20.
“외계인 왔다 갔나?” 사막 한복판 미스터리 ‘거울 기둥’ 또…,https://n.news.naver.com/article/020/0003571716?type=journalists,2024.06.20.
"北 남녀 고교생 6명, 목욕탕 빌려 마약·집단 성관계 ‘발칵’",https://n.news.naver.com/article/020/0003571701?type=journalists,2024.06.20.
"종로 포차거리서 흉기난동, 휴무 경찰관이 단숨에 제압 (영상)",https://n.news.naver.com/article/020/0003571677?type=journalists,2024.06.20.
“6·25앞둔 北-러의 수상한 밀월…대형 도발 가능성 대비해야”,https://n.news.naver.com/article/020/0003571511?type=journalists,2024.06.19.
"[온라인 라운지] 전쟁기념사업회, 전쟁기념관 국군포로전시 개막식",https://n.news.naver.com/article/020/0003571507?type=journalists,2024.06.19.
“앗 분기점 지났네” 고속도로서 후진…사망사고 낸 60대 여성 실형,https://n.news.naver.com/article/020/0003571476?type=journalists,2024.06.19.
"[온라인 라운지] 6·25 참전 의사가 찍은 70년전 사진, 최초 컬러 공개",https://n.news.naver.com/article/020/0003571442?type=journalists,2024.06.19.
‘마스터키’로 문 땄다…女투숙객 성폭행 호텔 직원 긴급체포,https://n.news.naver.com/article/020/0003571199?type=journalists,2024.06.18.
‘전주리사이클링타운 폭발’ 중상 근로자 1명 사망·1명 위독,https://n.news.naver.com/article/020/0003571184?type=journalists,2024.06.18.
"7년 만에 ‘지하’ 탈출 백사자, 처음 본 ‘바깥 세상’에 어리둥절",https://n.news.naver.com/article/020/0003571176?type=journalists,2024.06.18.
하늘로 치솟은 기차…인도 여객-화물 열차 충돌해 70여명 사상,https://n.news.naver.com/article/020/0003570999?type=journalists,2024.06.17.
운동화로 생긴 발뒤꿈치 물집 악화…다리 절단한 20대 여성,https://n.news.naver.com/article/020/0003570986?type=journalists,2024.06.17.
“비 맞지 마세요”…정류장 승객에 우산 주고 떠난 버스기사,https://n.news.naver.com/article/020/0003570935?type=journalists,2024.06.17.
"아파트서 추락한 50대, 입구 나오던 80대 주민 덮쳐…모두 사망",https://n.news.naver.com/article/020/0003570933?type=journalists,2024.06.17.
북한에도 전기차가?…전력난 허덕이는데 전기차 홍보,https://n.news.naver.com/article/020/0003570915?type=journalists,2024.06.17.
“키 180cm에 면식범”…故구하라 금고 도둑 찾는다,https://n.news.naver.com/article/020/0003570909?type=journalists,2024.06.17.
[온라인 라운지] 이희완 보훈부 차관 “모든 영웅 지원 받게 노력”,https://n.news.naver.com/article/020/0003570900?type=journalists,2024.06.17.
"[온라인 라운지]색산 칸타 태국 공군참모장, 전쟁기념사업회 방문",https://n.news.naver.com/article/020/0003570735?type=journalists,2024.06.15.
동해고속도로  버스·화물차 등 4중 추돌…13명 병원이송,https://n.news.naver.com/article/020/0003570734?type=journalists,2024.06.15.
부산 지하철서 ‘폭발물 의심 물체’ 해체 완료… 현재 정상운행중,https://n.news.naver.com/article/020/0003570733?type=journalists,2024.06.15.
"김호중, 사고 한 달만에 피해 택시기사와 연락 닿아 합의",https://n.news.naver.com/article/020/0003570732?type=journalists,2024.06.15.
“부산 구남역에 폭발물”…2호선 전동차 운행 중단,https://n.news.naver.com/article/020/0003570731?type=journalists,2024.06.15.
사진 찍다가…폭포 위에서 떨어진 돌 맞아 女관광객 사망,https://n.news.naver.com/article/020/0003570728?type=journalists,2024.06.15.
"‘병원 뺑뺑이’ 돌던 취약층, 병원장이 직접 수술해 생명 구했다",https://n.news.naver.com/article/020/0003570727?type=journalists,2024.06.15.
“당신의 건물에 폭발물 심었다” 인천공항에 영문 메일…경찰 수사,https://n.news.naver.com/article/020/0003570726?type=journalists,2024.06.15.
"[온라인 라운지]전쟁기념사업회, 국방대와 제3회 KWO 나지포럼 개최",https://n.news.naver.com/article/020/0003570610?type=journalists,2024.06.14.
“거지에 돈 주지 말라… 한달에 375만원 벌기도” 태국 정부 요청,https://n.news.naver.com/article/020/0003570603?type=journalists,2024.06.14.
"부산서 출동 대기 중이던 119구급대원, 심정지 돌연사",https://n.news.naver.com/article/020/0003570590?type=journalists,2024.06.14.
남편 ‘시한부’ 판정에 아내 3일 먼저 숨져…‘상심증후군’ 뭐길래,https://n.news.naver.com/article/020/0003570581?type=journalists,2024.06.14.
‘낼모레 환갑 실화?’…58세 동안男 “아침으로 ‘이것’ 먹는다”,https://n.news.naver.com/article/020/0003570553?type=journalists,2024.06.14.
정부 “일주일 내 큰 규모 여진 올 수 있어”…대비 태세 당부,https://n.news.naver.com/article/020/0003570407?type=journalists,2024.06.13.
배 아파 병원 갔더니 “변비니 집에가라”…몇 시간 후 사망,https://n.news.naver.com/article/020/0003570389?type=journalists,2024.06.13.
감정가 1억3600만원…산청서 70년근 ‘가족 산삼’ 17뿌리 발견,https://n.news.naver.com/article/020/0003570361?type=journalists,2024.06.13.
"[온라인 라운지]백승주 전쟁기념사업회장, ‘바이바이 플라스틱’ 챌린지 참여",https://n.news.naver.com/article/020/0003570360?type=journalists,2024.06.13.
“깜빡이 안켰다” 피해자 탓…만취운전 DJ에 징역 15년 구형,https://n.news.naver.com/article/020/0003569907?type=journalists,2024.06.11.
도박자금 사기 혐의 임창용 “언론에 알려질까 두려웠다…억울”,https://n.news.naver.com/article/020/0003569883?type=journalists,2024.06.11.
어깨동무하며 “같이 가자” 초등생 납치 의심 신고…용의자 추적중,https://n.news.naver.com/article/020/0003569877?type=journalists,2024.06.11.
112에 ‘아이울음’ 소리만…1300세대 아파트서 발신지 찾은 경찰,https://n.news.naver.com/article/020/0003569860?type=journalists,2024.06.11.
‘홍대입구역 보안관’ 알고보니…훔친 근무복에 위조 사원증,https://n.news.naver.com/article/020/0003569839?type=journalists,2024.06.11.
母子 숨진 무안 선착장 SUV 추락은 ‘노모 살해’ 범죄,https://n.news.naver.com/article/020/0003569641?type=journalists,2024.06.10.
“이정재 믿고 손잡았는데”…소송 당한 ‘재벌집 막내아들’ 제작사 대표 반박,https://n.news.naver.com/article/020/0003569621?type=journalists,2024.06.10.
"“기름 넣고 달렸는데 차 멈춰”…주유기에 빗물 유입, 줄줄이 고장",https://n.news.naver.com/article/020/0003569610?type=journalists,2024.06.10.
강화 떨어진 ‘北 오물 풍선’ 잔해에 불 ‘활활’…“원인 몰라”,https://n.news.naver.com/article/020/0003569605?type=journalists,2024.06.10.
"학원가 비탈길 돌진하는 1t트럭, 청년이 올라타 멈췄다",https://n.news.naver.com/article/020/0003569587?type=journalists,2024.06.10.
배현진 시구 나서자 “우~” 야유…“원정 기아팬들 즐거우셨길”,https://n.news.naver.com/article/020/0003569583?type=journalists,2024.06.10.
장례식장서 슬픔에 쓰러진 상주…옆 호실 조문객이 살렸다,https://n.news.naver.com/article/020/0003569398?type=journalists,2024.06.08.
‘너무 이른 세리머니’ 결승선 5m 남기고 메달 놓친 선수 (영상),https://n.news.naver.com/article/020/0003569395?type=journalists,2024.06.08.
"‘밀양 가해자 폭로’ 유튜버, 영상 모두 삭제 “죄책감 시달려”",https://n.news.naver.com/article/020/0003569391?type=journalists,2024.06.08.
헬기타고 람보르기니에 ‘탕탕’…한국계 유튜버 미국서 기소,https://n.news.naver.com/article/020/0003569389?type=journalists,2024.06.08.
광주 번화가 칼부림…1명 사망·1명 중상 “이권 다툼”,https://n.news.naver.com/article/020/0003569388?type=journalists,2024.06.08.
"日신사에서 꽁초 ‘휙’, 고성방가…한국인 출입금지는 “비매너 탓”",https://n.news.naver.com/article/020/0003569387?type=journalists,2024.06.08.
욱일기 내건 주민 사과…“친일 목적 아니지만 어리석은 행동”,https://n.news.naver.com/article/020/0003569385?type=journalists,2024.06.08.
집행유예 전우원 홀쭉해진 근황…대학 캠퍼스서 마약 예방 활동,https://n.news.naver.com/article/020/0003569384?type=journalists,2024.06.08.
"[온라인 라운지]호세 드 리마 마사누 앙골라 경제조정장관, 전쟁기념사업회 방문",https://n.news.naver.com/article/020/0003569308?type=journalists,2024.06.07.
코인 사건 전문 변호사의 ‘코인투자 100문 100답’ [책의향기 온라인],https://n.news.naver.com/article/020/0003569303?type=journalists,2024.06.07.
‘간헐적 단식’ 창시자 의문의 대낮 실종…“흔적 없이 사라져”,https://n.news.naver.com/article/020/0003569300?type=journalists,2024.06.07.
"[온라인 라운지]전쟁기념관, 현충일에 역대 최다 관람객 수 기록",https://n.news.naver.com/article/020/0003569286?type=journalists,2024.06.07.
“뼈만 남았다” 2년만에 돌아온 우크라 포로의 처참한 몰골,https://n.news.naver.com/article/020/0003569272?type=journalists,2024.06.07.
“저게 뭐야 대체?”…경복궁에 솟구친 회오리바람에 시민들 탄성 [영상],https://n.news.naver.com/article/020/0003569258?type=journalists,2024.06.07.
“목소리 낮춰달라” 하자 웃통 벗고 ‘문신 셀카’…MZ조폭들 징역형,https://n.news.naver.com/article/020/0003569244?type=journalists,2024.06.07.
“용광로인 줄”…툭 던진 담배꽁초에 하수구 불 ‘활활’…119 출동,https://n.news.naver.com/article/020/0003569000?type=journalists,2024.06.05.
‘지옥의 오르막’ 상명대 앞 비탈길서 또 버스 미끄러져…37명 부상,https://n.news.naver.com/article/020/0003568977?type=journalists,2024.06.05.
욕실에 ‘이것’ 있다면 빨리 교체!…열기 만나면 유해물질 방출,https://n.news.naver.com/article/020/0003568963?type=journalists,2024.06.05.
필리핀서 소매치기 당한 한국 관광객 10일만에 사망,https://n.news.naver.com/article/020/0003568944?type=journalists,2024.06.05.
비탈길 1톤트럭 ‘스르륵’…고교생이 달려가 대참사 막았다,https://n.news.naver.com/article/020/0003568936?type=journalists,2024.06.05.
“제복에 가스총 찼는데 경찰 아닌 것 같아요”…시민 신고에 40대 검거,https://n.news.naver.com/article/020/0003568910?type=journalists,2024.06.05.
목에 총 맞았는데…목걸이가 총알 막아 구사일생,https://n.news.naver.com/article/020/0003568754?type=journalists,2024.06.04.
몸에 좋다고 먹인 ‘이 간식’…아이 입 주변 온통 화상,https://n.news.naver.com/article/020/0003568736?type=journalists,2024.06.04.
배우 박상민 3번째 음주운전…골목길 잠들어 있다 적발,https://n.news.naver.com/article/020/0003568696?type=journalists,2024.06.04.
“20대라고 해달라” 여론조사 거짓응답 유도 혐의 정동영 경찰 소환,https://n.news.naver.com/article/020/0003568687?type=journalists,2024.06.04.
부잣집서 먹고 자고 월 1000만원…중국서 부상하는 직업,https://n.news.naver.com/article/020/0003568672?type=journalists,2024.06.04.
급류에 고립된 세친구 휩쓸리기 직전 ‘마지막 포옹’,https://n.news.naver.com/article/020/0003568657?type=journalists,2024.06.04.
김동현 “코인 투자로 한남더힐 날렸다…이제야 본전”,https://n.news.naver.com/article/020/0003568475?type=journalists,2024.06.03.
“사장님이 죽었어요” 목격자 행세한 신고 직원…알고보니 살해범,https://n.news.naver.com/article/020/0003568456?type=journalists,2024.06.03.
경찰 ‘이선균 수사정보 유출’ 검찰 수사관에 구속영장 신청,https://n.news.naver.com/article/020/0003568454?type=journalists,2024.06.03.
하필 파출소 앞에 차 세우고 ‘쿨쿨’…음주운전 딱 걸려,https://n.news.naver.com/article/020/0003568444?type=journalists,2024.06.03.
SNS에 자랑했다가…“2000만원 크루즈 여행 날려”,https://n.news.naver.com/article/020/0003568432?type=journalists,2024.06.03.
누군가 던진 스마트폰에 차 유리 박살…“화난다고 집어던져”,https://n.news.naver.com/article/020/0003568405?type=journalists,2024.06.03.
“아저씨들 女알바에게 고백 좀 그만” 호소글 눈길 [e글e글],https://n.news.naver.com/article/020/0003568389?type=journalists,2024.06.03.
MBC 14년차 차장 김대호 “연봉 1억…물가 올라 부족해”,https://n.news.naver.com/article/020/0003567882?type=journalists,2024.05.30.
15세 소녀에게 “같이 자자” 집적대다가…아빠 주먹 한방에 사망,https://n.news.naver.com/article/020/0003567856?type=journalists,2024.05.30.
‘45도 찜통’ 유치원버스에 11시간 홀로 남겨진 베트남 아동 사망,https://n.news.naver.com/article/020/0003567840?type=journalists,2024.05.30.
"갑자기 차오른 밀물에…조개 캐던 부부 고립, 남편 사망",https://n.news.naver.com/article/020/0003567817?type=journalists,2024.05.30.
이륙 준비 여객기 엔진에 사람 들어가 사망 “끔찍한 사건”,https://n.news.naver.com/article/020/0003567807?type=journalists,2024.05.30.
美상원 군사위 간사 “한반도에 전술핵 재배치·핵 공유해야”,https://n.news.naver.com/article/020/0003567799?type=journalists,2024.05.30.
“엄마 아프대 빨리 타”…아산서 초등생 납치 의심 신고,https://n.news.naver.com/article/020/0003567638?type=journalists,2024.05.29.
‘아이 낳으면 20년 보장’…서울시 신혼부부 공공주택 4396호 공급,https://n.news.naver.com/article/020/0003567619?type=journalists,2024.05.29.
쓰레기봉투 열었더니 1000만원이…환경미화원이 발견해 주인 돌려줘,https://n.news.naver.com/article/020/0003567569?type=journalists,2024.05.29.
한밤중 ‘삐~’ 대남전단 경보에 가슴철렁…“전쟁 난 줄”,https://n.news.naver.com/article/020/0003567562?type=journalists,2024.05.29.
“그래서 먹고 살겠어?” 연기의신 ‘김형사’의 보이스피싱 참교육,https://n.news.naver.com/article/020/0003567374?type=journalists,2024.05.28.
성심당 “월세 1억원 넘으면 대전역 철수…감당 못해”,https://n.news.naver.com/article/020/0003567361?type=journalists,2024.05.28.
황제옷 입고 한국 시찰한다던 장위안…도착 후 “본의 아냐” 돌변,https://n.news.naver.com/article/020/0003567338?type=journalists,2024.05.28.
굿하다 저수지 들어간 무속인…구하려던 남녀 2명 숨져,https://n.news.naver.com/article/020/0003567322?type=journalists,2024.05.28.
‘주4일제’ 도입하면 쉬는날 언제?…직장인 40% “수요일”,https://n.news.naver.com/article/020/0003567301?type=journalists,2024.05.28.
강형욱 해명에 구독자 207만→211만 증가…前직원 “녹취 있다” 재반박,https://n.news.naver.com/article/020/0003567299?type=journalists,2024.05.28.
휴대폰 자동 SOS에 119 출동…차 전도돼 1명 사망 1명 구조,https://n.news.naver.com/article/020/0003567282?type=journalists,2024.05.28.
"차 견인되는 줄 알고 갔다가…美배우, 강도 총에 맞아 사망",https://n.news.naver.com/article/020/0003567096?type=journalists,2024.05.27.
미스유니버스 출전 60세 女 일냈다… ‘최고의 얼굴’ 선정,https://n.news.naver.com/article/020/0003567090?type=journalists,2024.05.27.
‘아픈거 맞아?’ 해외여행에 술…보험금 1억 타낸 ‘나이롱환자’ 실형,https://n.news.naver.com/article/020/0003567060?type=journalists,2024.05.27.
좌석 3칸 발 올리고 쿨쿨… 지하철 6호선 ‘문신남’에 공분,https://n.news.naver.com/article/020/0003567051?type=journalists,2024.05.27.
일본차만 골라 ‘친일파 처단’ 쪽지…“이게 애국?”,https://n.news.naver.com/article/020/0003567047?type=journalists,2024.05.27.
침착맨 “민희진 해임 반대 탄원서 낸거 맞아…이유는”,https://n.news.naver.com/article/020/0003567033?type=journalists,2024.05.27.
"“친구 안보여” 고교생 2명, 다리서 하천 뛰었는데…1명 못 나와",https://n.news.naver.com/article/020/0003567025?type=journalists,2024.05.27.
‘영화도 숏폼’…손석구 주연 13분짜리 영화가 1000원,https://n.news.naver.com/article/020/0003567020?type=journalists,2024.05.27.
"“아이스크림인줄” 머리 희끗한 신사, 돈다발 두고 사라져",https://n.news.naver.com/article/020/0003566825?type=journalists,2024.05.25.
“악취 심하게 난다” 아파트에서 부패한 시신 발견…경찰 수사 중,https://n.news.naver.com/article/020/0003566821?type=journalists,2024.05.25.
"“납치됐다 살려달라” 112에 걸려온 전화, 추적해보니…",https://n.news.naver.com/article/020/0003566820?type=journalists,2024.05.25.
"한국 거주 필리핀 여성, 동포 115명 상대로 25억원 편취",https://n.news.naver.com/article/020/0003566817?type=journalists,2024.05.25.
"北, 김정일 좋아하던 김연자 노래 금지 “듣지도 부르지도 마”",https://n.news.naver.com/article/020/0003566815?type=journalists,2024.05.25.
"“아무한테도 말하지마” 길가다 통화 엿들은 경찰, 수배자 잡았다",https://n.news.naver.com/article/020/0003566814?type=journalists,2024.05.25.
동생이 누나 살해하고 사망…집에 함께 있던 父가 신고,https://n.news.naver.com/article/020/0003566813?type=journalists,2024.05.25.
"국밥 시켜놓고 ‘쿨쿨’…옆 테이블 손님, 사복경찰이 따라간 이유",https://n.news.naver.com/article/020/0003566728?type=journalists,2024.05.24.
경찰차 뒷자리에 놓인 현금 누가?…CCTV 담긴 모습에 감동,https://n.news.naver.com/article/020/0003566723?type=journalists,2024.05.24.
“‘내가 누군데 날 몰라?’ 말 말고 신분증!”…병원 안내문 화제,https://n.news.naver.com/article/020/0003566709?type=journalists,2024.05.24.
버스 타려고 ‘공유자전거’ 길에 내동댕이…“도로의 흉기” [영상],https://n.news.naver.com/article/020/0003566694?type=journalists,2024.05.24.
외제차 몰고 집결…야밤 시속 200km ‘폭주 레이싱’ 26명 검거,https://n.news.naver.com/article/020/0003566686?type=journalists,2024.05.24.
"나체로 자전거 타다 입건된 유학생, 숨진채 발견",https://n.news.naver.com/article/020/0003566680?type=journalists,2024.05.24.
“이승기 그X에게 돈 좀 받아야지” 임영규 ‘2억 사기’ 의혹,https://n.news.naver.com/article/020/0003566659?type=journalists,2024.05.24.
"“버스에서 술 냄새가” 음주 운전 기사, 승객 신고로 덜미",https://n.news.naver.com/article/020/0003566648?type=journalists,2024.05.24.
멕시코 대선후보 유세 중 무대 ‘콰광!’…9명 사망 61명 부상,https://n.news.naver.com/article/020/0003566490?type=journalists,2024.05.23.
축구장 ‘물병 투척’ 자진신고 124명 ‘무기한 출입 금지’,https://n.news.naver.com/article/020/0003566467?type=journalists,2024.05.23.
택시비 안 내려고 남의 집 숨어서 어슬렁…‘다 보인다’,https://n.news.naver.com/article/020/0003566457?type=journalists,2024.05.23.
“앗! 종착역인 줄”…중간에 승객 전원 하차시킨 기관사,https://n.news.naver.com/article/020/0003566448?type=journalists,2024.05.23.
배우 박철 신내림 근황 “한계치에 왔다…안 죽은 게 다행”,https://n.news.naver.com/article/020/0003566431?type=journalists,2024.05.23.
“안락사 말에 견주 우는데 강형욱은 노래”…이경규 발언 재조명,https://n.news.naver.com/article/020/0003566418?type=journalists,2024.05.23.
“죽은 새끼 차마 못놔”…3개월 안고 다니는 어미 침팬지에 ‘울컥’,https://n.news.naver.com/article/020/0003566238?type=journalists,2024.05.22.
말레이 이어 싱가포르도 “뉴진스님 공연 안돼” …클럽 “비종교적으로”,https://n.news.naver.com/article/020/0003566218?type=journalists,2024.05.22.
현관문 삑삑 ‘누구세요?’ 묻자 후다닥…범인은 믿었던 배송기사,https://n.news.naver.com/article/020/0003566197?type=journalists,2024.05.22.
에르메스 가방 24억원어치 ‘탈탈’…쓰레기통에 60개 쓸어담아,https://n.news.naver.com/article/020/0003566178?type=journalists,2024.05.22.
배 내리자 여권 빼앗고 감금…‘영화 판박이’ 조직 37명 검거,https://n.news.naver.com/article/020/0003566165?type=journalists,2024.05.22.
‘72명 사상’ 비상착륙 항공기에 한국인 1명 탑승,https://n.news.naver.com/article/020/0003566152?type=journalists,2024.05.22.
노후 경유차 지금 폐차하면 ‘800만원+새차 지원비’ 드려요,https://n.news.naver.com/article/020/0003566142?type=journalists,2024.05.22.
걸어가면서 담배꽁초 휙~ “자동차 범퍼 다 녹았다”,https://n.news.naver.com/article/020/0003565957?type=journalists,2024.05.21.
‘이건 못 참지’…北 골프 애호가들의 ‘나이키’ 사랑,https://n.news.naver.com/article/020/0003565939?type=journalists,2024.05.21.
"차에 둔 연락처 적어가던 남성들, 어디에 쓰나 봤더니…",https://n.news.naver.com/article/020/0003565933?type=journalists,2024.05.21.
고의?우연?…피식대학 논란의 ‘장원영 섬네일’ 교체 “의도 없었다”,https://n.news.naver.com/article/020/0003565909?type=journalists,2024.05.21.
“대중 기망 김호중 구속하라”…중립 지키던 트로트 팬덤 뿔났다,https://n.news.naver.com/article/020/0003565869?type=journalists,2024.05.21.
서울 광진구서 20대 남녀 흉기에 찔린 채 발견…여성 사망,https://n.news.naver.com/article/020/0003565864?type=journalists,2024.05.21.
알고보니 친척…“재혼 남편 15년 전 결혼 사진에 내가”,https://n.news.naver.com/article/020/0003565656?type=journalists,2024.05.20.
“아무도 정체 몰라”…필리핀 35세 여시장 ‘中간첩설’ 발칵,https://n.news.naver.com/article/020/0003565609?type=journalists,2024.05.20.
“저 아니에요” 김호중 ‘불똥’ 허경환·슬리피 동석 루머 일축,https://n.news.naver.com/article/020/0003565581?type=journalists,2024.05.20.
음주운전 시인 김호중 “결과 나오면 돌아오겠다” 팬카페에 글,https://n.news.naver.com/article/020/0003565572?type=journalists,2024.05.20.
"김호중, 변호인에 조남관 前검찰총장 대행 선임",https://n.news.naver.com/article/020/0003565236?type=journalists,2024.05.17.
강종만 영광군수 당선무효…대법 벌금 200만원 확정,https://n.news.naver.com/article/020/0003565235?type=journalists,2024.05.17.
"딸 15주기 준비하다… 故장진영 부친, 딸 곁으로",https://n.news.naver.com/article/020/0003565224?type=journalists,2024.05.17.
여기도 저기도…야산 땅 속에서 나온 ‘하얀 벽돌’ 정체,https://n.news.naver.com/article/020/0003565211?type=journalists,2024.05.17.
남→여 성전환 러 정치인 “나 다시 돌아갈래”,https://n.news.naver.com/article/020/0003565200?type=journalists,2024.05.17.
김호중 술 안 마셨다면서 왜 대리기사 불렀나?,https://n.news.naver.com/article/020/0003565199?type=journalists,2024.05.17.
12층 난간 붙잡고 있던 20대 여성 추락사…추락 전 행동 이상,https://n.news.naver.com/article/020/0003565196?type=journalists,2024.05.17.
‘1% 확률’로 깨어난 특전사…“동료 응원 목소리 들려줬다”,https://n.news.naver.com/article/020/0003565194?type=journalists,2024.05.17.
"곽민선 아나, 행사 중 축포 맞고 쓰러져…“시력 손상 심각”",https://n.news.naver.com/article/020/0003565193?type=journalists,2024.05.17.
“주문도 안 했는데”…중국서 정체불명 택배 수개월 째 배달,https://n.news.naver.com/article/020/0003565191?type=journalists,2024.05.17.
인천 교회서 여고생 온몸 멍든채 숨져… ‘학대 혐의’ 신도 긴급체포,https://n.news.naver.com/article/020/0003564983?type=journalists,2024.05.16.
음악 프로 ‘엠카’ 사전 녹화 현장서 불…에스파 윈터 생방송 불참,https://n.news.naver.com/article/020/0003564982?type=journalists,2024.05.16.
세계서 가장 비싼 소 ‘56억원’…경매에 나온다,https://n.news.naver.com/article/020/0003564980?type=journalists,2024.05.16.
“한우 먹다 주삿바늘 삼켜”…엑스레이 찍었더니 위장에,https://n.news.naver.com/article/020/0003564962?type=journalists,2024.05.16.
"풀빌라서 사라진 6살, 인근 저수지서 16시간 만에 숨진 채 발견",https://n.news.naver.com/article/020/0003564942?type=journalists,2024.05.16.
“사람 떨어지려 한다” 아파트 15층 매달린 치매 여성 극적 구조,https://n.news.naver.com/article/020/0003564941?type=journalists,2024.05.16.
‘파타야 살인’ 20대 “내가 죽인 것 아냐” 울먹…구속영장 발부,https://n.news.naver.com/article/020/0003564940?type=journalists,2024.05.16.
사상 초유의 5월 중순 대설주의보…고성 적설량 13cm,https://n.news.naver.com/article/020/0003564939?type=journalists,2024.05.16.
“재난 영화인 줄”…동대문 폐기물 시설 불 21시간 만에 진화,https://n.news.naver.com/article/020/0003564938?type=journalists,2024.05.16.
"푸틴, 베이징 도착…中 국빈방문 시작",https://n.news.naver.com/article/020/0003564936?type=journalists,2024.05.16.
장원영 가짜뉴스로 2억5000만원 번 女유튜버 재판행,https://n.news.naver.com/article/020/0003564615?type=journalists,2024.05.14.
“아저씨 안돼요 제발!”…투신하려는 40대 다리 잡고 매달린 여고생,https://n.news.naver.com/article/020/0003564613?type=journalists,2024.05.14.
“이런 요청은 처음” 뜻밖의 배달 주문서에 카페 사장 감동,https://n.news.naver.com/article/020/0003564607?type=journalists,2024.05.14.
축사 천막 개폐기에 사람 빨려들어가 숨져…허리띠 감긴 듯,https://n.news.naver.com/article/020/0003564597?type=journalists,2024.05.14.
"이재명, 이화영 가족 ‘전세 자금’ 압류 소식 공유 “안타깝다”",https://n.news.naver.com/article/020/0003564591?type=journalists,2024.05.14.
“배달 안 왔는데요”…라이더 울리는 상습 환불 ‘배달거지’,https://n.news.naver.com/article/020/0003564586?type=journalists,2024.05.14.
“개·고양이 밥주고 새우 잡아와” 부하 괴롭힌 가스기술공사 과장,https://n.news.naver.com/article/020/0003564581?type=journalists,2024.05.14.
“수배범 쫓고있다”…지구대 전화해 여성 7명 정보 빼낸 전직 경찰,https://n.news.naver.com/article/020/0003564580?type=journalists,2024.05.14.
‘지참금 갈등’ 신부 죽자 가족 70명 신랑 집에 몰려가 방화,https://n.news.naver.com/article/020/0003564579?type=journalists,2024.05.14.
‘파타야 드럼통 살인’ 피의자 1명 캄보디아서 추가 검거,https://n.news.naver.com/article/020/0003564577?type=journalists,2024.05.14.
"매주 대문 앞에 대변, 개라고 생각했는데…범인은 견주",https://n.news.naver.com/article/020/0003564576?type=journalists,2024.05.14.
“일 못한다” 선장이 선원 살해한뒤 바다에 유기,https://n.news.naver.com/article/020/0003564358?type=journalists,2024.05.13.
청주영덕고속도로서 차량 9대 연쇄 추돌…5명 부상,https://n.news.naver.com/article/020/0003564357?type=journalists,2024.05.13.
"전기톱으로 나무 자르던 60대, 자기 다리 베여 사망",https://n.news.naver.com/article/020/0003564356?type=journalists,2024.05.13.
무인점포서 8시간 무전취식…냉장고로 문 막고 버틴 40대,https://n.news.naver.com/article/020/0003564355?type=journalists,2024.05.13.
"70년대 무협영화 배우 남석훈, 하와이서 별세",https://n.news.naver.com/article/020/0003564340?type=journalists,2024.05.13.
‘돼지 신장’ 이식 남성 2개월 만에 사망…“수술과 무관”,https://n.news.naver.com/article/020/0003564335?type=journalists,2024.05.13.
“이거 알면 아이스 커피 못 마셔”…제빙기 속 충격 실태,https://n.news.naver.com/article/020/0003564329?type=journalists,2024.05.13.
전기차 나무로 돌진해 2명 사망…“시동 켜자 급발진”,https://n.news.naver.com/article/020/0003564314?type=journalists,2024.05.13.
"2살부터 줄담배, 국제 논란 꼬마 근황…“의사 되고 싶어”",https://n.news.naver.com/article/020/0003564311?type=journalists,2024.05.13.
“공연 소음 죄송해요” 집집마다 참외 돌린 임영웅,https://n.news.naver.com/article/020/0003564310?type=journalists,2024.05.13.
‘파타야 韓관광객 드럼통 살인’ 피의자 1명 정읍서 검거,https://n.news.naver.com/article/020/0003564309?type=journalists,2024.05.13.
40대 여성 나온뒤 2분 후 ‘불’…30대 연하 남친 사망,https://n.news.naver.com/article/020/0003564307?type=journalists,2024.05.13.
"의사 출신 김해시장, 행사장서 쓰러진 60대 시민 응급처치",https://n.news.naver.com/article/020/0003564306?type=journalists,2024.05.13.
노란불 ‘딜레마존’서 사고 났다면…대법 ‘무죄→유죄’ 뒤집어,https://n.news.naver.com/article/020/0003564305?type=journalists,2024.05.13.
포항서 스쿠버다이빙 배우던 40대 남성 숨진 채 발견,https://n.news.naver.com/article/020/0003564304?type=journalists,2024.05.13.
12년 간병인에 아파트 5채 물려주고 떠난 中 93세 독거노인,https://n.news.naver.com/article/020/0003564028?type=journalists,2024.05.10.
환승연애 논란 류준열 “침묵하고 비판 감당하는 게 최선”…첫 언급,https://n.news.naver.com/article/020/0003564008?type=journalists,2024.05.10.
“어! 저 차 왜저래?”…앞차 구하려고 ‘고의사고’ 낸 가장 [따만사],https://n.news.naver.com/article/020/0003563985?type=journalists,2024.05.10.
42세 김민희 머리 희끗…‘9년째 열애’ 홍상수와 근황,https://n.news.naver.com/article/020/0003563983?type=journalists,2024.05.10.
전처와 10대 딸에게 폭행당한 50대 남성 사망,https://n.news.naver.com/article/020/0003563960?type=journalists,2024.05.10.
김치에 매미가 통째로…美 덮친 ‘매미겟돈’에 이런 요리까지,https://n.news.naver.com/article/020/0003563955?type=journalists,2024.05.10.
5000만원 찾아주고 사례금도 거절…“기부해주세요”,https://n.news.naver.com/article/020/0003563304?type=journalists,2024.05.07.
“외모 신경 쓰다가 망했다”…中육상스타 10등에 팬들 실망,https://n.news.naver.com/article/020/0003563274?type=journalists,2024.05.07.
“다리 이름표 어디갔지?”…구릿값 치솟자 ‘교명판’ 절도 기승,https://n.news.naver.com/article/020/0003563260?type=journalists,2024.05.07.
“교도소 밥보다 못해”…엄마들 공분 산 중학교 부실 급식,https://n.news.naver.com/article/020/0003563250?type=journalists,2024.05.07.
마동석 변천사 공개…“12년 사이에 무슨 일이”,https://n.news.naver.com/article/020/0003563228?type=journalists,2024.05.07.
보안 직원 손발 묶어놓고 ‘ATM 키’ 탈취해 도주…용의자 체포,https://n.news.naver.com/article/020/0003563221?type=journalists,2024.05.07.
변기 뒤에 침대… 中 1평 아파트 “없어서 못팔아”,https://n.news.naver.com/article/020/0003562805?type=journalists,2024.05.03.
"투신하다 전깃줄 걸린 외국인, 주민들이 이불로 받아내",https://n.news.naver.com/article/020/0003562790?type=journalists,2024.05.03.
시구·시타하면 일당 100만원…이색 ‘꿀알바’ 등장,https://n.news.naver.com/article/020/0003562781?type=journalists,2024.05.03.
대구 아파트서 10대 남녀 2명 추락사…휴대폰 메모 발견,https://n.news.naver.com/article/020/0003562763?type=journalists,2024.05.03.
"홍준표, 이재명 저격 “범인 지목된 사람이 대통령을 범인 취급”",https://n.news.naver.com/article/020/0003562760?type=journalists,2024.05.03.
"총선 앞두고 北서 날아온 괴비행체…사람 키만 한 풍선모양, 군이 요격",https://n.news.naver.com/article/020/0003562742?type=journalists,2024.05.03.
"“BTS 영향”…병무청장, 체육·예술 병역특례 폐지 가능성 언급",https://n.news.naver.com/article/020/0003562727?type=journalists,2024.05.03.
민주 김동아 ‘학폭 의혹’ 부인…“고향에 악의적 소문 돌아”,https://n.news.naver.com/article/020/0003562724?type=journalists,2024.05.03.
"김흥국 “2002년 월드컵 스타, 정신 차려야…예능할 때 아냐”",https://n.news.naver.com/article/020/0003562555?type=journalists,2024.05.02.
“나 형사인데” 전화에 경찰이 당했다…30대女 7명 신상 유출,https://n.news.naver.com/article/020/0003562539?type=journalists,2024.05.02.
"브레이크등 선명한데 12대 추돌…차주·경비원, 벤츠에 억대 소송",https://n.news.naver.com/article/020/0003562501?type=journalists,2024.05.02.
김흥국 “국민의힘 전화 쇄도…낙선자 연락 마음 아파”,https://n.news.naver.com/article/020/0003562499?type=journalists,2024.05.02.
북한 ‘고층 아파트’ 선전했지만 “저층 살고 싶어” 뒷돈…왜?,https://n.news.naver.com/article/020/0003562480?type=journalists,2024.05.02.
또 ‘길막 빌런’…“차단기 안 열어 주자 車 두고 사라져”,https://n.news.naver.com/article/020/0003562152?type=journalists,2024.04.30.
대낮 아파트 단지서 노인 흉기 피습…10대 추정 용의자 추적,https://n.news.naver.com/article/020/0003562132?type=journalists,2024.04.30.
“개한테도 밀려”…‘반려견 주차 구역’에 갑론을박,https://n.news.naver.com/article/020/0003562122?type=journalists,2024.04.30.
‘인공장기’ 꺼내 보이며 위협…도심 번화가 행패 50대 구속,https://n.news.naver.com/article/020/0003562088?type=journalists,2024.04.30.
“불났는데 문 안 열려”…중국산 전기차 탑승 일가족 3명 사망,https://n.news.naver.com/article/020/0003562080?type=journalists,2024.04.30.
거제 조선소 도장작업 선박 화재…35명 대피·11명 부상,https://n.news.naver.com/article/020/0003561660?type=journalists,2024.04.27.
김정은 이번엔 日도요타 SUV 6대 끌고 등장…대북제재 농락,https://n.news.naver.com/article/020/0003561658?type=journalists,2024.04.27.
KTX·4대강 추진 정종환 전 국토해양부 장관 별세,https://n.news.naver.com/article/020/0003561652?type=journalists,2024.04.27.
지하철서 60만원 명품지갑 주웠다가 벌금 80만원…“수사 후 반환”,https://n.news.naver.com/article/020/0003561650?type=journalists,2024.04.27.
“설마 진짜 총?” 하는데 ‘칙’…옥상서 이웃에 가스총 쏜 남성 체포,https://n.news.naver.com/article/020/0003561649?type=journalists,2024.04.27.
경사로 주차했다가 미끄러져 내려온 자기 차에 깔려 40대 사망,https://n.news.naver.com/article/020/0003561646?type=journalists,2024.04.27.
“작업 간 남편 안 와” 페인트칠 하던 인부 2명 쓰러진 채 발견,https://n.news.naver.com/article/020/0003561644?type=journalists,2024.04.27.
"출근하던 30대 여성, 횡단보도 건너다 굴삭기에 참변",https://n.news.naver.com/article/020/0003561643?type=journalists,2024.04.27.
인천공항서 얼굴에 스프레이 ‘칙’…1억 돈가방 들고 도주한 중국인,https://n.news.naver.com/article/020/0003561561?type=journalists,2024.04.26.
“이 얼굴이 60대?”…아르헨티나 미인대회 1위 나이 화제,https://n.news.naver.com/article/020/0003561545?type=journalists,2024.04.26.
“알리·테무 배송 왔습니다” 피싱 e메일…클릭하는 순간 당한다,https://n.news.naver.com/article/020/0003561525?type=journalists,2024.04.26.
제주 동부 “땅 흔들렸다” 신고 11건…‘지진경보’ 없는데?,https://n.news.naver.com/article/020/0003561515?type=journalists,2024.04.26.
성인 절반 “어버이날 ‘빨간날’로 해주세요…“부부 싸움나” 반대 의견도,https://n.news.naver.com/article/020/0003561483?type=journalists,2024.04.26.
中 ‘좀비 고기’ 논란…“모양 완전히 같은데 날짜만 계속 바뀌어”,https://n.news.naver.com/article/020/0003561299?type=journalists,2024.04.25.
핸드폰 보다가…횡단보도 유치원생·엄마 친 버스기사에 징역 7년 구형,https://n.news.naver.com/article/020/0003561249?type=journalists,2024.04.25.
"살인 무기수, 수감 중 사람 죽였지만 또 ‘무기징역’ 확정",https://n.news.naver.com/article/020/0003561228?type=journalists,2024.04.25.
"대장내시경 검사 받은 60대, 회복실에서 심정지 사망",https://n.news.naver.com/article/020/0003561215?type=journalists,2024.04.25.
칼부림 예고 뒤 “나는 죄인입니다” 팻말 든 30대 집유,https://n.news.naver.com/article/020/0003561213?type=journalists,2024.04.25.
경비원이 입주민 벤츠 빼주다 12대 ‘쾅쾅’…“급발진” 의심,https://n.news.naver.com/article/020/0003561022?type=journalists,2024.04.24.
“좌석 2개값 냈잖아” 이륙전 드러누운 승객…中항공기 소동,https://n.news.naver.com/article/020/0003561008?type=journalists,2024.04.24.
“사람 아프다!” 유리 깨 운전자 구했는데 ‘쿨쿨’…만취 상태,https://n.news.naver.com/article/020/0003560989?type=journalists,2024.04.24.
"커피 마시다 참변…‘車 돌진’ 카페 손님, 6일 만에 숨져",https://n.news.naver.com/article/020/0003560974?type=journalists,2024.04.24.
전조등 끄고 파출소 앞 지나간 음주운전자…‘찌그덕’ 소리에 덜미,https://n.news.naver.com/article/020/0003560960?type=journalists,2024.04.24.
“뛰고 온 사람에게 뜨거운 물”…부산마라톤 참가자 항의 폭주,https://n.news.naver.com/article/020/0003560946?type=journalists,2024.04.24.
“옆 테이블 손님 대화가 이상해”…7000만원 피해 막은 20대,https://n.news.naver.com/article/020/0003560695?type=journalists,2024.04.23.
미 인권보고서 “北 현장학습으로 총살 참관…알몸 처벌 자행”,https://n.news.naver.com/article/020/0003560674?type=journalists,2024.04.23.
"버스에 ‘쾅’ 종잇장처럼 구겨진 택시, 이전에 무슨일 있었나?",https://n.news.naver.com/article/020/0003560504?type=journalists,2024.04.22.
“빵 자판기인가?”…대전역 라커에 가득 찬 봉투 정체,https://n.news.naver.com/article/020/0003560490?type=journalists,2024.04.22.
종이컵 속 ‘물’인 줄 알고 마셨다가 뇌사…컵 놔둔 직원 집유,https://n.news.naver.com/article/020/0003560474?type=journalists,2024.04.22.
"자동차 훔치다 붙잡힌 남성, 경찰서 유치장에서 사망",https://n.news.naver.com/article/020/0003560460?type=journalists,2024.04.22.
불 속 남성 적나라하게…“살 타는 냄새” CNN ‘분신 생중계’ 논쟁,https://n.news.naver.com/article/020/0003560439?type=journalists,2024.04.22.
"중랑천변 노숙하던 베트남 여성, 퇴거 요청에 구청 창고 방화",https://n.news.naver.com/article/020/0003560432?type=journalists,2024.04.22.
4분 만에 벌점 140점…암행車 ‘칼치기’ 한 운전자의 최후,https://n.news.naver.com/article/020/0003560123?type=journalists,2024.04.19.
운 없는 ‘수배자’ 도로 한복판서 차 멈춰…밀어준 경찰에 덜미,https://n.news.naver.com/article/020/0003560111?type=journalists,2024.04.19.
“안 다쳤다”더니 ‘휘청’…이상 증세 감지한 경찰이 목숨 구해,https://n.news.naver.com/article/020/0003560098?type=journalists,2024.04.19.
아들 구하려고 3억 빌렸는데…모성애 악용한 ‘피싱 자작극’,https://n.news.naver.com/article/020/0003560089?type=journalists,2024.04.19.
“알코올 없는데 취하는 술” 운전해도 ‘0.000%’…의견 분분,https://n.news.naver.com/article/020/0003560073?type=journalists,2024.04.19.
"병원서 사라진 환자, 건물 사이 외벽에 끼인 채 발견…결국 숨져",https://n.news.naver.com/article/020/0003560052?type=journalists,2024.04.19.
대마 피우고 반려견 죽인 20대…스스로 112에 신고,https://n.news.naver.com/article/020/0003559891?type=journalists,2024.04.18.
“엄마·오빠 연락 안 돼” 출동해 보니…母子 거실에 숨져있어,https://n.news.naver.com/article/020/0003559879?type=journalists,2024.04.18.
어린이집서 8개월 남아 숨져 “분유 마시다 거품 물어”,https://n.news.naver.com/article/020/0003559862?type=journalists,2024.04.18.
술취한 소방관 바지 벗고 도심 거리 배회…“소변 보려고”,https://n.news.naver.com/article/020/0003559849?type=journalists,2024.04.18.
김흥국 “절에서 108배…이제 제자리로 돌아간다”,https://n.news.naver.com/article/020/0003559848?type=journalists,2024.04.18.
“하천에 사람이 떠 있다” 신고…연천서 70~80대女 시신 발견,https://n.news.naver.com/article/020/0003559820?type=journalists,2024.04.18.
“하늘에서 5만원권이 우수수” 줍고 보니 가짜…뿌린 남성 실형,https://n.news.naver.com/article/020/0003559799?type=journalists,2024.04.18.
“이 얼굴이 57세?”…‘초동안’ 1967년생 남성의 10가지 생활 습관,https://n.news.naver.com/article/020/0003559570?type=journalists,2024.04.17.
"‘400년 역사’ 덴마크 56m 첨탑, 불에 타 무너져…시민들 눈물",https://n.news.naver.com/article/020/0003559539?type=journalists,2024.04.17.
산불감시원 체력시험 본 뒤 사망…법원 “구청 배상해야”,https://n.news.naver.com/article/020/0003559521?type=journalists,2024.04.17.
“우승 네가 해라”…결승선 앞에서 中선수에 대놓고 양보 (영상),https://n.news.naver.com/article/020/0003559513?type=journalists,2024.04.17.
의정부 하천 하수관서 ‘男 알몸 시신’ 발견…신원 확인 중,https://n.news.naver.com/article/020/0003559339?type=journalists,2024.04.16.
설악산서 연락 끊긴 20대…2개월 만에 숨진 채 발견,https://n.news.naver.com/article/020/0003559334?type=journalists,2024.04.16.
세계 최초 ‘AI 미인대회’ 열린다…심사 기준은?,https://n.news.naver.com/article/020/0003559321?type=journalists,2024.04.16.
日사형수들 “집행일 미리 알려줘”…法 “너넨 그런 권리 없어”,https://n.news.naver.com/article/020/0003559306?type=journalists,2024.04.16.
"취객에 목 졸린 60대 택시기사, 편의점 알바생이 구했다",https://n.news.naver.com/article/020/0003559283?type=journalists,2024.04.16.
"아이돌이 막 찍어줬는데, 로또 번호 5개 맞았다…“290만원 횡재”",https://n.news.naver.com/article/020/0003559276?type=journalists,2024.04.16.
"이란의 350기 ‘벌떼공격’, 아이언돔이 99% 막아내…약속 대련?",https://n.news.naver.com/article/020/0003559105?type=journalists,2024.04.15.
"고속도로 추돌 후 2차로 서있던 여성, 후속차에 치여 숨져",https://n.news.naver.com/article/020/0003559069?type=journalists,2024.04.15.
임대아파트 주차장에 롤스로이스 떡하니…“몇 달째 무료 주차”,https://n.news.naver.com/article/020/0003559059?type=journalists,2024.04.15.
“저 차 수상한데?” 찌그러진 차 검문하자 맨발로 도주한 외국인,https://n.news.naver.com/article/020/0003558699?type=journalists,2024.04.12.
다리 길이 135cm…‘슈퍼 롱다리’ 소녀의 고충 “남자들이 싫어해”,https://n.news.naver.com/article/020/0003558698?type=journalists,2024.04.12.
"가수 박보람, 지인 집에서 술자리 중 쓰러져 사망",https://n.news.naver.com/article/020/0003558689?type=journalists,2024.04.12.
도보 여행 3개월만에 20대→50대 얼굴로 변한 中여성,https://n.news.naver.com/article/020/0003558688?type=journalists,2024.04.12.
전방주시 안하다 전봇대에 ‘꽝’…안전홍보 ‘몸개그’ 소방관 삼촌 화제,https://n.news.naver.com/article/020/0003558673?type=journalists,2024.04.12.
"유승민 “보수 결집에만 매달린 결과 총선 3연패""",https://n.news.naver.com/article/020/0003558665?type=journalists,2024.04.12.
피 말리는 접전 ‘497표’가 가른 당락…최대 표차는 10만표,https://n.news.naver.com/article/020/0003558663?type=journalists,2024.04.12.
작년 교통사고 사망자 2551명 ‘역대 최저’…10년만에 절반↓,https://n.news.naver.com/article/020/0003558660?type=journalists,2024.04.12.
오타니 전 통역사 빼돌린 금액 219억원…美검찰 기소,https://n.news.naver.com/article/020/0003558659?type=journalists,2024.04.12.
최홍만과 붙었던 ‘스모 챔피언’ 아케보노 투병 중 사망…향년 55세,https://n.news.naver.com/article/020/0003558657?type=journalists,2024.04.12.
국회의장 거론 추미애 “역할 주저 안해…의장은 중립 아냐”,https://n.news.naver.com/article/020/0003558484?type=journalists,2024.04.11.
"81세 박지원, 최고령-최다 득표율…32세 전용기 최연소",https://n.news.naver.com/article/020/0003558482?type=journalists,2024.04.11.
"패배 이낙연 “대한민국, 선거 후 더 심각한 위기 올것 같아 불길”",https://n.news.naver.com/article/020/0003558480?type=journalists,2024.04.11.
황교안 “부정 선거 적발되기 시작…증거 쏟아질 것”,https://n.news.naver.com/article/020/0003558455?type=journalists,2024.04.11.
"이대남, 국힘 이탈 개혁신당으로… 이대녀 민주당에 몰표",https://n.news.naver.com/article/020/0003558449?type=journalists,2024.04.11.
뒤집힌 출구조사…권영세·안철수·나경원·김은혜 등 환호,https://n.news.naver.com/article/020/0003558447?type=journalists,2024.04.11.
대구 사전 투표함서 규격보다 1.2배 긴 투표지 발견,https://n.news.naver.com/article/020/0003558446?type=journalists,2024.04.11.
나경원 “맘카페서 ‘지국비조’ 말 돌아…한강벨트 저점 찍고 올라가”,https://n.news.naver.com/article/020/0003558090?type=journalists,2024.04.09.
분리수거장 버려진 러닝머신 안에 4800만원 돈다발이…,https://n.news.naver.com/article/020/0003558089?type=journalists,2024.04.09.
출소 10일 만에 대낮 전철역서 음란행위…경찰조사 후 3시간 만에 또,https://n.news.naver.com/article/020/0003558079?type=journalists,2024.04.09.
“성매매 시도 영상 찍으려하자 뺑소니”…여장 유튜버 신고,https://n.news.naver.com/article/020/0003558069?type=journalists,2024.04.09.
‘무법천지’ 아이티서 한국인 11명 헬기 탈출…아직 60명 체류,https://n.news.naver.com/article/020/0003558059?type=journalists,2024.04.09.
하던일 멈추고 모두 ‘고개들어’ 환호…미국 뒤흔든 개기일식,https://n.news.naver.com/article/020/0003558057?type=journalists,2024.04.09.
"이재명, ‘이대생 성상납’ 주장에 “역사적 진실” 글 썼다 삭제…“실무자 실수”",https://n.news.naver.com/article/020/0003558055?type=journalists,2024.04.09.
“폰 요금 줄여주겠다” 노인들 속여 114대 개통한 대리점주 구속,https://n.news.naver.com/article/020/0003558052?type=journalists,2024.04.09.
"한동훈, 원희룡과 ‘이재명 소고기 논란’ 식당서 식사",https://n.news.naver.com/article/020/0003558051?type=journalists,2024.04.09.
테마파크서 ‘깡통열차’ 뒤집혀…3세 쌍둥이 얼굴 크게 다쳐,https://n.news.naver.com/article/020/0003557847?type=journalists,2024.04.08.
고층 빌딩서 물줄기가 폭포처럼…대낮 뉴욕 시민들 ‘깜놀’,https://n.news.naver.com/article/020/0003557840?type=journalists,2024.04.08.
순천서 ‘로또 79억’ 잭팟…1명이 같은 번호 5개 산 듯,https://n.news.naver.com/article/020/0003557821?type=journalists,2024.04.08.
군 정찰위성 2호기 목표궤도에 정상 진입,https://n.news.naver.com/article/020/0003557818?type=journalists,2024.04.08.
38살에 얻은 늦둥이 아들 갑자기 숨져…모교에 1억원 기부,https://n.news.naver.com/article/020/0003557812?type=journalists,2024.04.08.
軍 정찰위성 2호기 탑재 우주발사체 ‘팰컨9’ 발사,https://n.news.naver.com/article/020/0003557811?type=journalists,2024.04.08.
3000m 상공 여객기 엔진 덮개 펄럭이더니 찢어져 날아가…승객들 비명,https://n.news.naver.com/article/020/0003557810?type=journalists,2024.04.08.
사고 전기차 수습하던 견인기사 감전…“처음 있는 일”,https://n.news.naver.com/article/020/0003557808?type=journalists,2024.04.08.
與 “이재명 유세 후 차에서 ‘일하는 척했네’ 발언…유권자 모욕”,https://n.news.naver.com/article/020/0003557807?type=journalists,2024.04.08.
7일 하루 전국 곳곳서 산불 15건…‘선거철 대형산불 징크스’ 비상,https://n.news.naver.com/article/020/0003557805?type=journalists,2024.04.08.
"무연고 할머니, 전 재산 5000만원 기부하고 쓸쓸히 숨져",https://n.news.naver.com/article/020/0003557640?type=journalists,2024.04.06.
"자전거 절도범, ‘비대면 거래’ 원했지만…경찰이 한 수 위",https://n.news.naver.com/article/020/0003557639?type=journalists,2024.04.06.
190㎝ ‘골리앗’ 제압한 171㎝ ‘다윗’ 경찰…중심 무너뜨려 단숨에 (영상),https://n.news.naver.com/article/020/0003557637?type=journalists,2024.04.06.
강동구 아파트에서 어머니와 딸 2명 숨진 채 발견,https://n.news.naver.com/article/020/0003557633?type=journalists,2024.04.06.
멍든 채 숨진 8세 아동 부검 “사망 이를 정도 외상 없어”,https://n.news.naver.com/article/020/0003557631?type=journalists,2024.04.06.
"20년 옥살이 무기징역수, 재심 보름 앞두고 숨져",https://n.news.naver.com/article/020/0003557629?type=journalists,2024.04.06.
"알바니아 강도살인범, 탈옥 후 한국 귀화까지…결국 본국 송환",https://n.news.naver.com/article/020/0003557627?type=journalists,2024.04.06.
사전투표 둘째날 오전 7시 투표율 16.17%…전남이 가장 높아,https://n.news.naver.com/article/020/0003557626?type=journalists,2024.04.06.
지진 덮치자 신생아 침대 온몸으로 지킨 간호사들 “감동”,https://n.news.naver.com/article/020/0003557315?type=journalists,2024.04.04.
"‘죄인 수레’ 들어간 정운천, 이번엔 혈서…“전북서 與 1명이라도”",https://n.news.naver.com/article/020/0003557300?type=journalists,2024.04.04.
‘오체불만족’ 오토타케 불륜파문 후 근황…日국회의원 재도전,https://n.news.naver.com/article/020/0003557257?type=journalists,2024.04.04.
“김정은 부녀 왔다고 강풍속 낙하 강행…군인들 엉키며 추락사”,https://n.news.naver.com/article/020/0003557247?type=journalists,2024.04.04.
‘재판 거부’ 송영길 “옥중 방송 연설 녹화하게 해달라” 요구,https://n.news.naver.com/article/020/0003557074?type=journalists,2024.04.03.
편의점 ‘하루 알바생’ 썼다가 1000만원 털렸다…인터넷 도박 탕진,https://n.news.naver.com/article/020/0003557050?type=journalists,2024.04.03.
파리 지하철에 등장한 ‘태권도역’…밤사이 역명 바뀐 이유는?,https://n.news.naver.com/article/020/0003557034?type=journalists,2024.04.03.
"MBC, 김준혁 막말 보도에 ‘국민의힘 로고’ 노출…與 “악의적”",https://n.news.naver.com/article/020/0003557021?type=journalists,2024.04.03.
흡입 순간 환각 빠져 자기몸에 불…주유소 직원 방화 사건 전말,https://n.news.naver.com/article/020/0003556838?type=journalists,2024.04.02.
6년전 송하윤에 달린 ‘댓글’에 성지순례…“강단있는 친구”,https://n.news.naver.com/article/020/0003556819?type=journalists,2024.04.02.
강풍에 中아파트 창문 뜯겨… 잠자던 가족 날려가 숨져,https://n.news.naver.com/article/020/0003556804?type=journalists,2024.04.02.
예비군훈련 갔다고 ‘결석’ 처리…정부 첫 실태조사 나선다,https://n.news.naver.com/article/020/0003556771?type=journalists,2024.04.02.
"0시 종치자 1500명 뻐끔…獨 대마 합법화, 한국 여행객 “주의”",https://n.news.naver.com/article/020/0003556765?type=journalists,2024.04.02.
中 민간 드론에 뚫린 북한 영공…지나던 주민들 ‘깜놀’,https://n.news.naver.com/article/020/0003556586?type=journalists,2024.04.01.
"“기내에 의사 계신가요”…응답 없자, 승무원이 쓰러진 승객 살려",https://n.news.naver.com/article/020/0003556555?type=journalists,2024.04.01.
서울 주택가에 ‘죄수복 이재명’ 합성사진 뿌려져…유포자 추적,https://n.news.naver.com/article/020/0003556551?type=journalists,2024.04.01.
“백미러 살짝 쳤어요” 쪽지 받고 감동…두 운전자의 훈훈한 문자,https://n.news.naver.com/article/020/0003556532?type=journalists,2024.04.01.
"유세 강행군 한동훈, 편의점서 끼니…‘컵라면 저녁식사’",https://n.news.naver.com/article/020/0003556528?type=journalists,2024.04.01.
‘진주 편의점 폭행’ 피해자 청력 손실…“영구 보청기 착용”,https://n.news.naver.com/article/020/0003556200?type=journalists,2024.03.29.
"美호텔 수영장서 8살 소녀, 파이프로 빨려 들어가 숨져",https://n.news.naver.com/article/020/0003556185?type=journalists,2024.03.29.
“이 방송 못하겠다”…진중권 생방 중 돌발 하차 선언,https://n.news.naver.com/article/020/0003556161?type=journalists,2024.03.29.
빵 제조일자가 ‘내일’…“미래에서 왔나”  中 학부모 발칵,https://n.news.naver.com/article/020/0003556149?type=journalists,2024.03.29.
"콜라 공장 옆에 살다 ‘급 찐’ 악어, 강제 이주→다이어트",https://n.news.naver.com/article/020/0003556142?type=journalists,2024.03.29.
이재명 “돌멩이 피습에 난리뽕짝”…배현진 “난리 헬기뽕짝은?”,https://n.news.naver.com/article/020/0003555942?type=journalists,2024.03.28.
한동훈 “정치 개 같이 하는 사람이 문제”…발언 수위 세졌다,https://n.news.naver.com/article/020/0003555912?type=journalists,2024.03.28.
잔고 없는데 돈이 펑펑…은행 오류로 192억원 빼갔다,https://n.news.naver.com/article/020/0003555887?type=journalists,2024.03.28.
"“세상에나”…휴게소 두고온 물건, 택배로 받고 감동한 이유",https://n.news.naver.com/article/020/0003555879?type=journalists,2024.03.28.
“도와주세요!”…CCTV 관제요원이 주취자 2명 살렸다,https://n.news.naver.com/article/020/0003555692?type=journalists,2024.03.27.
"강호동, 12년 몸담은 ‘SM C&C’ 이사 됐다…“시너지 기대”",https://n.news.naver.com/article/020/0003555675?type=journalists,2024.03.27.
고(故) 이선균 아버지 별세…아들 떠난 지 3개월 만에,https://n.news.naver.com/article/020/0003555668?type=journalists,2024.03.27.
결혼할 남성 찾는다더니…“성폭행당했다” 5명 누명씌운 女 실형,https://n.news.naver.com/article/020/0003555665?type=journalists,2024.03.27.
충돌 전 “메이데이”…차량 막아 인명 피해 줄였다 [美다리붕괴],https://n.news.naver.com/article/020/0003555651?type=journalists,2024.03.27.
일본 여행시 섭취 주의…이 제품 먹고 26명 입원,https://n.news.naver.com/article/020/0003555417?type=journalists,2024.03.26.
"부산서 자전거 타던 10대, 우회전 학원버스에 치여 숨져",https://n.news.naver.com/article/020/0003555410?type=journalists,2024.03.26.
“차도에 타조가 돌아다녀요”…성남 도심서 포획 소동,https://n.news.naver.com/article/020/0003555403?type=journalists,2024.03.26.
주차 뒤 밀리는 차 막다가…30대 운전자 깔려 숨져,https://n.news.naver.com/article/020/0003555399?type=journalists,2024.03.26.
“모두 저쪽으로!” 모스크바 테러서 100여명 구한 15세 영웅,https://n.news.naver.com/article/020/0003555393?type=journalists,2024.03.26.
"민주, 세종갑 이영선 후보 제명·공천 취소…“재산보유 허위 제시”",https://n.news.naver.com/article/020/0003554963?type=journalists,2024.03.23.
"푸틴 “모스크바 테러범들, 우크라로 도주 중 체포” 우크라는 연관성 부인",https://n.news.naver.com/article/020/0003554962?type=journalists,2024.03.23.
“아는 노인 차로 치고 뒷짐”…앞 유리까지 바꾼 ‘이장’ 징역 3년 확정,https://n.news.naver.com/article/020/0003554961?type=journalists,2024.03.23.
"모스크바 공연장 테러, 사망자 115명으로 늘어…용의자 4명 모두 체포",https://n.news.naver.com/article/020/0003554960?type=journalists,2024.03.23.
‘국내 최장’ 인제양양터널서 3중 추돌…10명 다쳐 병원이송,https://n.news.naver.com/article/020/0003554959?type=journalists,2024.03.23.
경찰 타고있는 줄 모르고 차문 ‘벌컥’…제발로 잡힌 차량털이범,https://n.news.naver.com/article/020/0003554958?type=journalists,2024.03.23.
"국민의미래, 선대위 구성…선대위원장에 인요한 임명",https://n.news.naver.com/article/020/0003554957?type=journalists,2024.03.23.
엘리베이터에 목줄 낀 개 구하려던 여성 1층→지하2층 추락사,https://n.news.naver.com/article/020/0003554956?type=journalists,2024.03.23.
인천상륙작전 참전한 ‘전설의 해병대 1기’ 이봉식 옹 별세…향년 93세,https://n.news.naver.com/article/020/0003554955?type=journalists,2024.03.23.
"경기 광주 아파트 불…40대 父 사망, 10대 아들딸 심정지",https://n.news.naver.com/article/020/0003554954?type=journalists,2024.03.23.
시속 130㎞ 음주차량에 길 건너던 고교생 치어 숨져,https://n.news.naver.com/article/020/0003554839?type=journalists,2024.03.22.
전남 강풍에 타워크레인 엿가락처럼 휘고 케이블카 멈춰,https://n.news.naver.com/article/020/0003554835?type=journalists,2024.03.22.
“사람이 악마처럼 보여요”…PMO증상자 눈에 비친 얼굴 보니,https://n.news.naver.com/article/020/0003554831?type=journalists,2024.03.22.
“이거 만든 사람 휴가 줘라”…공군 ‘밤양갱’ 패러디 영상 반응 터졌다,https://n.news.naver.com/article/020/0003554809?type=journalists,2024.03.22.
"北 김여정 핸드백 진품?…디올 “맞는 것 같지만, 확인할 방법이”",https://n.news.naver.com/article/020/0003554795?type=journalists,2024.03.22.
조수진 사퇴에도…민주 “박용진 승계 안돼…전략공천”,https://n.news.naver.com/article/020/0003554788?type=journalists,2024.03.22.
"유튜브서 ‘홍삼 광고’ 조민, 식품표시광고법 위반 혐의 검찰 송치",https://n.news.naver.com/article/020/0003554601?type=journalists,2024.03.21.
조수진 논란에…한동훈 “민주당선 ‘2차 가해’ 용인될 수 있는 것”,https://n.news.naver.com/article/020/0003554580?type=journalists,2024.03.21.
조국 “한동훈 바람 내가 잠 재워…느그들 쫄았제?”,https://n.news.naver.com/article/020/0003554563?type=journalists,2024.03.21.
봄 환절기 이런 ‘해외직구’ 식품 주의하세요…“부작용 날 수도”,https://n.news.naver.com/article/020/0003554559?type=journalists,2024.03.21.
졸졸 따라가며 “이 사람 조심”…SNS 달군 소매치기 추적단,https://n.news.naver.com/article/020/0003554553?type=journalists,2024.03.21.
밤길 홀로 걷다 20m 우물에 추락한 여성 사흘만에 발견 (영상),https://n.news.naver.com/article/020/0003554532?type=journalists,2024.03.21.
“내 가방 돌려줘” 제발로 경찰서 찾은 간큰 범죄자 ‘수갑 철컥’,https://n.news.naver.com/article/020/0003554353?type=journalists,2024.03.20.
"손흥민 “이강인 용기 있는 사과 고마워, 이제 똘똘 뭉치는 일만 남아”",https://n.news.naver.com/article/020/0003554345?type=journalists,2024.03.20.
한소희 짤 ‘칼 든 강아지’ 실존…“뜻밖에 슈퍼스타 됐다”,https://n.news.naver.com/article/020/0003554325?type=journalists,2024.03.20.
죽은 태아 50년 품고다닌 여성…수술 받았지만 끝내 사망,https://n.news.naver.com/article/020/0003554317?type=journalists,2024.03.20.
“제가 한번 해볼게요”…심정지 주민 구하고 사라진 여성,https://n.news.naver.com/article/020/0003554309?type=journalists,2024.03.20.
밭에서 낙엽 소각하던 80대 불에 타 숨진 채 발견,https://n.news.naver.com/article/020/0003554303?type=journalists,2024.03.20.
총선 후보 얼굴 현수막 훼손한 60대 “출입문 포스터 답답해서”,https://n.news.naver.com/article/020/0003554297?type=journalists,2024.03.20.
“왜 비틀대” 버스서 외국인 여성 폭행뒤 도주한 남성…경찰 추적,https://n.news.naver.com/article/020/0003554287?type=journalists,2024.03.20.
오타니 몸값 1조원인데…아내 4만원대 가방에 ‘일반석’,https://n.news.naver.com/article/020/0003554284?type=journalists,2024.03.20.
“남은 돈 1000원으로 복권 샀다가 1등”…매달 700만원 ‘잭팟’,https://n.news.naver.com/article/020/0003554110?type=journalists,2024.03.19.
이세돌 “다시 태어나면 바둑 안 해…AI 개발할 듯”,https://n.news.naver.com/article/020/0003554103?type=journalists,2024.03.19.
"고척돔에 등장한 ‘오타니 아내’, 시어머니와 남편 응원",https://n.news.naver.com/article/020/0003554076?type=journalists,2024.03.19.
바다에 ‘둥둥’ 뜬 검은 풍선의 정체…“폭발할까 겁나”,https://n.news.naver.com/article/020/0003554072?type=journalists,2024.03.19.
"안산, 자영업 연대에 고소 당해…“경솔한 주장, 일식 집 모두에 모욕감”",https://n.news.naver.com/article/020/0003554055?type=journalists,2024.03.19.
판교IC 대형 화물차 2대 전도…출근길 경부고속도로 마비,https://n.news.naver.com/article/020/0003554041?type=journalists,2024.03.19.
"‘5억 전세 사기’ 30대, 중국 밀항하다 바다에서 붙잡혀",https://n.news.naver.com/article/020/0003553848?type=journalists,2024.03.18.
“주머니 손 빼고 껌 뱉으라 했다”…수사 기피 신청 의협 간부 ‘조사 거부’,https://n.news.naver.com/article/020/0003553831?type=journalists,2024.03.18.
손흥민 “은퇴하면 축구계 떠난다…남 가르칠 능력 없어”,https://n.news.naver.com/article/020/0003553820?type=journalists,2024.03.18.
‘해냈어요 멸망’ 언행불일치 지구인들의 인류 멸망 보고서 [책의향기 온라인],https://n.news.naver.com/article/020/0003553815?type=journalists,2024.03.18.
北 김주애에 처음 사용한 표현 ‘향도’ 무슨 뜻?,https://n.news.naver.com/article/020/0003553797?type=journalists,2024.03.18.
“채상병 잊지 않겠다”면서 이름 두번 틀린 류삼영…“차에서 써서 오타”,https://n.news.naver.com/article/020/0003553783?type=journalists,2024.03.18.
“노출 화보 때문?”…민주당 공천 탈락 청각장애인 항변,https://n.news.naver.com/article/020/0003553254?type=journalists,2024.03.14.
‘다 보고 있는데’…순찰차 옆에서 담 넘다 딱걸린 절도범,https://n.news.naver.com/article/020/0003553239?type=journalists,2024.03.14.
“납치당했다” 바닥 구르며 ‘맨발 탈주극’ 중국인 알고보니…,https://n.news.naver.com/article/020/0003553229?type=journalists,2024.03.14.
"‘탈모에 좋다더니…이런 제품 주의 하세요’ 식약처, 622건 적발",https://n.news.naver.com/article/020/0003553199?type=journalists,2024.03.14.
1급 발암물질 묻은 고양이 배회…일본 소도시 비상,https://n.news.naver.com/article/020/0003553195?type=journalists,2024.03.14.
"‘파란눈 춘향’ 나올까?…전통미인 선발대회, 외국인에 문호 개방",https://n.news.naver.com/article/020/0003553004?type=journalists,2024.03.13.
“나 죽거든 보증금까지…” 김밥 팔아 전재산 기부한 할머니 영면,https://n.news.naver.com/article/020/0003552993?type=journalists,2024.03.13.
허공에 매달린 대형트럭 ‘아찔’…고가도로 난간 뚫고 나가,https://n.news.naver.com/article/020/0003552983?type=journalists,2024.03.13.
“굿해야 로또 당첨” 2억 뜯은 무속인 “그걸 알면 내가 사지”,https://n.news.naver.com/article/020/0003552979?type=journalists,2024.03.13.
공무원이 코인으로 15억원…비트코인 질주 속 인증글 줄줄,https://n.news.naver.com/article/020/0003552959?type=journalists,2024.03.13.
‘명룡대전’ 오차범위 내 접전…“이재명 42%·원희룡 39%”,https://n.news.naver.com/article/020/0003552956?type=journalists,2024.03.13.
"수원 배수로 女시신, 한밤 외투 벗고 홀로 배회…“범죄혐의점 없어”",https://n.news.naver.com/article/020/0003552780?type=journalists,2024.03.12.
"‘4전5기’ 복싱 신화 홍수환, 자유통일당 입당",https://n.news.naver.com/article/020/0003552768?type=journalists,2024.03.12.
“승객들 날아다녔다” 보잉 787기 급강하…최소 50명 부상,https://n.news.naver.com/article/020/0003552758?type=journalists,2024.03.12.
좌석 밑으로 ‘불붙은 종이’ 휙…부산 지하철 방화 시도에 발칵,https://n.news.naver.com/article/020/0003552742?type=journalists,2024.03.12.
BBC 생방에 어깨춤 난입한 켈리 교수 자녀 근황…“다 컸네”,https://n.news.naver.com/article/020/0003552723?type=journalists,2024.03.12.
대낮 서울 강남서 3인조 강도행각…도주 10시간 만에 검거,https://n.news.naver.com/article/020/0003552705?type=journalists,2024.03.12.
한밤중 시진핑 관저에 초유의 차량 돌진…“공산당이 사람 죽여” 고함,https://n.news.naver.com/article/020/0003552701?type=journalists,2024.03.12.
강릉서 어린이 키만한 광어 잡혀…1.18m-20kg 초대형,https://n.news.naver.com/article/020/0003552536?type=journalists,2024.03.11.
흰 머리·수염 덥수룩 기른 조두순 “아내와 다퉈 집 나갔다”,https://n.news.naver.com/article/020/0003552508?type=journalists,2024.03.11.
둘이 동시에 ‘쿨쿨’…기장·부기장 잠들어 여객기 경로 이탈,https://n.news.naver.com/article/020/0003552503?type=journalists,2024.03.11.
"한동훈, 이재명 ‘2찍’ 발언에 “인종차별 준하는 망발”",https://n.news.naver.com/article/020/0003552488?type=journalists,2024.03.11.
동 이름이 에코델타?…전국 첫 ‘영어 동명’ 추진에 갑론을박,https://n.news.naver.com/article/020/0003552482?type=journalists,2024.03.11.
전기톱으로 장작 자르던 80대 신체 절단사고로 숨져,https://n.news.naver.com/article/020/0003552477?type=journalists,2024.03.11.
‘동물 생명도 소중’…연기 마신 강아지 인공호흡 한 소방관,https://n.news.naver.com/article/020/0003552205?type=journalists,2024.03.08.
"이천수 폭행·협박 가해자는 60대·70대 남성, 신원 특정",https://n.news.naver.com/article/020/0003552198?type=journalists,2024.03.08.
"잘못 걸린 흉기 난동범…하필 그 옆에 경호원, 10초만에 끝",https://n.news.naver.com/article/020/0003552186?type=journalists,2024.03.08.
“행운 빈다” 中승객 비행기 엔진에 동전 던져…찾느라 4시간 지연,https://n.news.naver.com/article/020/0003552174?type=journalists,2024.03.08.
등굣길 이천수에 우르르…원희룡 “저도 초통령되고 싶네요”,https://n.news.naver.com/article/020/0003552161?type=journalists,2024.03.08.
‘웨딩업체 경영난’ 홍록기 결국 파산…“자산 22억 부채 30억”,https://n.news.naver.com/article/020/0003552152?type=journalists,2024.03.08.
손흥민 보호대 푼 손가락 포착…중지 마디 ‘퉁퉁’,https://n.news.naver.com/article/020/0003552141?type=journalists,2024.03.08.
7억 들여 100번 성형…19세에 “할수 있는 모든 수술 받았다”,https://n.news.naver.com/article/020/0003551977?type=journalists,2024.03.07.
"폐비닐 수거하던 40대, 상반신에 비닐 감겨 질식사",https://n.news.naver.com/article/020/0003551946?type=journalists,2024.03.07.
“실수로 낸거 아냐?” 손님이 건넨 희귀 지폐에 사장님 ‘당황’,https://n.news.naver.com/article/020/0003551937?type=journalists,2024.03.07.
뜻밖의 ‘맨얼굴’ 공개한 한동훈…아기에게 안경 내주고 간담회,https://n.news.naver.com/article/020/0003551908?type=journalists,2024.03.07.
환자 손톱 깎다 난 상처 숨겨…손가락 괴사 시킨 간병인,https://n.news.naver.com/article/020/0003551900?type=journalists,2024.03.07.
수원 도로옆 배수로에서 나체 여성 시신 발견…경찰 수사,https://n.news.naver.com/article/020/0003551742?type=journalists,2024.03.06.
차에 친 ‘새끼냥’ 생명 구한 ‘어미냥’의 놀라운 행동…그리고 반전,https://n.news.naver.com/article/020/0003551735?type=journalists,2024.03.06.
‘15분 면담 후 실행’ 日 난치 환자 안락사 한 의사에 징역 18년,https://n.news.naver.com/article/020/0003551717?type=journalists,2024.03.06.
“아부지 뭐하시노?” 아직도 묻는 회사들…위법·부당 채용공고 281건 적발,https://n.news.naver.com/article/020/0003551707?type=journalists,2024.03.06.
‘출항 때마다 다른 사람’…낚시객 22명 선원 위장해 ‘영해 밖’ 낚시,https://n.news.naver.com/article/020/0003551697?type=journalists,2024.03.06.
가게 돈 훔치다 딱 걸리자 “금고 문 닫아주려고” 뻔뻔한 거짓말,https://n.news.naver.com/article/020/0003551692?type=journalists,2024.03.06.
“버스기사가 술 마신 것 같아요”…승객 신고로 음주운전 적발,https://n.news.naver.com/article/020/0003551669?type=journalists,2024.03.06.
감정가 10억원…중학생이 100만원 예상해 들고나온 의뢰품 정체,https://n.news.naver.com/article/020/0003551503?type=journalists,2024.03.05.
"유아인 프로포폴 처방의 “마이클잭슨 탓”…징역형 구형에 언급, 왜?",https://n.news.naver.com/article/020/0003551481?type=journalists,2024.03.05.
"부천서 흉기 휘두른 20대 검거…범인 “아는 사이”, 피해자는 “모른다”",https://n.news.naver.com/article/020/0003551476?type=journalists,2024.03.05.
“방금 뭘 본거지?” 터널 안 리어카 끄는 할머니 ‘위험천만’,https://n.news.naver.com/article/020/0003551465?type=journalists,2024.03.05.
“귀에서 피나” 문짝 떨어진 비행기 승객들 1조3000억원 손배소,https://n.news.naver.com/article/020/0003551452?type=journalists,2024.03.05.
갈비찜에서 나온 배수구 마개…“청소하다 들어간 듯”,https://n.news.naver.com/article/020/0003551213?type=journalists,2024.03.04.
고속도로 한복판 차에서 내린 두 여성 운전 교대 [e글e글],https://n.news.naver.com/article/020/0003551203?type=journalists,2024.03.04.
제주 전복 어선 3차례 선내 수색했지만 실종자 2명 못 찾아,https://n.news.naver.com/article/020/0003551013?type=journalists,2024.03.02.
임종석 “이재명 속내 잘 알았다…홍영표·기동민 컷오프 설명無”,https://n.news.naver.com/article/020/0003551011?type=journalists,2024.03.02.
"민주, 심야 회의 끝에 홍영표 컷오프 확정…나경원 상대 류삼영 공천",https://n.news.naver.com/article/020/0003551008?type=journalists,2024.03.02.
"민주, 이재명 계양을 단수공천…與 원희룡과 정면대결",https://n.news.naver.com/article/020/0003551007?type=journalists,2024.03.02.
“누수 피해 계속된다”…공용수도 자물쇠로 잠가버린 50대,https://n.news.naver.com/article/020/0003551005?type=journalists,2024.03.02.
아파트 입주민 회의서 동대표 폭행→사망…40대 구속영장 기각,https://n.news.naver.com/article/020/0003551004?type=journalists,2024.03.02.
몰카하다 잡혀 경찰 조사 앞두고도 또 몰카…50대 실형,https://n.news.naver.com/article/020/0003551003?type=journalists,2024.03.02.
덤프트럭 고장나 다른 차량에 수신호 보내다가 참변,https://n.news.naver.com/article/020/0003551002?type=journalists,2024.03.02.
3·1절 연휴 체감온도 -12도 ‘뚝↓’…강추위 온다,https://n.news.naver.com/article/020/0003550793?type=journalists,2024.02.29.
조국신당 당명은 ‘조국혁신당’…“당색은 광주 하늘 상징”,https://n.news.naver.com/article/020/0003550779?type=journalists,2024.02.29.
“본인 인증 ‘1원 송금’ 10만 번 반복해 10만 원 빼갔다”,https://n.news.naver.com/article/020/0003550717?type=journalists,2024.02.29.
저수지서 건져 올린 승용차 안에서 男女 시신 발견,https://n.news.naver.com/article/020/0003550715?type=journalists,2024.02.29.
"2년간 매일 ‘이 음료’ 마신 30대, 신장결석으로 쓰러져 “극심한 고통”",https://n.news.naver.com/article/020/0003550277?type=journalists,2024.02.27.
빌라 입구 칼든 수상한 남자에 ‘소름’…범행 대상 찾아 배회,https://n.news.naver.com/article/020/0003550252?type=journalists,2024.02.27.
"“울어서 엎어놨다” 49일된 쌍둥이 자매 숨지게한 친모, 학대치사죄 기소",https://n.news.naver.com/article/020/0003550239?type=journalists,2024.02.27.
김포공항→‘서울김포공항’으로 변경 추진…“서남권 대개조”,https://n.news.naver.com/article/020/0003550233?type=journalists,2024.02.27.
65만원 술 마시고 “팁줄 돈 80만원 빌려줘”…무전취식 상습범 구속,https://n.news.naver.com/article/020/0003550216?type=journalists,2024.02.27.
‘8시15분’ 멈춘 바늘…원폭에 녹은 시계 4100만원 낙찰,https://n.news.naver.com/article/020/0003550206?type=journalists,2024.02.27.
아파트 주차장서 ‘차박’하다 부탄가스 폭발…60대 남성 화상,https://n.news.naver.com/article/020/0003550197?type=journalists,2024.02.27.
아파트 화단서 40대 엄마·3살 아들 함께 숨진 채 발견,https://n.news.naver.com/article/020/0003550030?type=journalists,2024.02.26.
"화물차, 중앙선 넘어 8중 추돌 “전날 늦게까지 술마셔…돌진 기억 안나”",https://n.news.naver.com/article/020/0003550029?type=journalists,2024.02.26.
“새차 인도 받아 1km 거리 5분 몰았는데 불”,https://n.news.naver.com/article/020/0003550019?type=journalists,2024.02.26.
아파트 공사장에서 길이 30cm 소련제 박격포탄 발견,https://n.news.naver.com/article/020/0003550001?type=journalists,2024.02.26.
아파트서 70대 형수·60대 시동생 숨진 채 발견…경찰 수사,https://n.news.naver.com/article/020/0003549998?type=journalists,2024.02.26.
우크라 “전쟁 2년간 군인 3만1000명 전사”…첫 공식 발표,https://n.news.naver.com/article/020/0003549990?type=journalists,2024.02.26.
“사직 전 자료 삭제” 전공의 행동지침 올라온 사이트 압수수색,https://n.news.naver.com/article/020/0003549681?type=journalists,2024.02.23.
섬유유연제 먹이고 ‘식고문’…해병대 후임 가혹행위 20대 벌금형,https://n.news.naver.com/article/020/0003549680?type=journalists,2024.02.23.
“러시아 ‘北화성11형’ 20여발 발사…민간인 100명 이상 사상”,https://n.news.naver.com/article/020/0003549668?type=journalists,2024.02.23.
"이재명, 노웅래 단식에 “마음 아파…공당 결정 이해 바라”",https://n.news.naver.com/article/020/0003549660?type=journalists,2024.02.23.
"한동훈, 오늘 ‘명룡대전’ 격전지 인천 계양서 원희룡 지원 사격",https://n.news.naver.com/article/020/0003549653?type=journalists,2024.02.23.
美 민간 달착륙선 ‘오디세우스’ 하강 시작…곧 달표면 착륙 예상,https://n.news.naver.com/article/020/0003549651?type=journalists,2024.02.23.
35㎝ 폭설 울진 왕피리 161가구 고립…구조 진입 시도,https://n.news.naver.com/article/020/0003549650?type=journalists,2024.02.23.
인천공항 2터미널 확장 공사장 휴게실 불…40분 만에 진화,https://n.news.naver.com/article/020/0003549648?type=journalists,2024.02.23.
"“1인당 소득대비 양육비 세계 1위는 한국, 2위는 중국”",https://n.news.naver.com/article/020/0003549647?type=journalists,2024.02.23.
중국 광저우 선박 충돌로 대교 붕괴…차량 5대 추락·5명 사망,https://n.news.naver.com/article/020/0003549645?type=journalists,2024.02.23.
美해변 모래구덩이 파고 놀던 남매 매몰…7세 사망 참사,https://n.news.naver.com/article/020/0003549426?type=journalists,2024.02.22.
눈 치우던 제설차 마저 ‘주르륵 쾅’…폭설에 잇단 사고,https://n.news.naver.com/article/020/0003549425?type=journalists,2024.02.22.
봄철 미세먼지 심각한 날엔 ‘재택근무·휴가’ 권고 검토,https://n.news.naver.com/article/020/0003549416?type=journalists,2024.02.22.
4년전 민주당 도운 이천수…이번엔 원희룡 후원회장,https://n.news.naver.com/article/020/0003549410?type=journalists,2024.02.22.
황의조 형수 반성문에…피해자 측 “노골적 시동생 구하기” 반발,https://n.news.naver.com/article/020/0003549397?type=journalists,2024.02.22.
베네수엘라 노천 금광 붕괴…“최소 30명 사망·100여명 매몰 추정”,https://n.news.naver.com/article/020/0003549395?type=journalists,2024.02.22.
지하철 5호선 전구간 강설로 운행 지연…출근길 비상,https://n.news.naver.com/article/020/0003549393?type=journalists,2024.02.22.
‘논문 조작’ 조사 받던 전북 국립대 교수 숨진 채 발견,https://n.news.naver.com/article/020/0003549392?type=journalists,2024.02.22.
용산 쪽방촌서 노부부 숨진 채 발견...일주일 이상 지난 듯,https://n.news.naver.com/article/020/0003549391?type=journalists,2024.02.22.
"밤사이 곳곳 눈, 출근길 비상…서울 제설대책 2단계, 집중배차 연장",https://n.news.naver.com/article/020/0003549390?type=journalists,2024.02.22.
"호주경찰, 한인 일가족 살해 용의자로 태권도 사범 체포",https://n.news.naver.com/article/020/0003549181?type=journalists,2024.02.21.
"혼자 살던 70대 여성, 고무 물통에 빠져 숨진 채 발견",https://n.news.naver.com/article/020/0003549180?type=journalists,2024.02.21.
“받은 택배가 사라졌어요”…절도범 잡고보니 택배 직원,https://n.news.naver.com/article/020/0003549175?type=journalists,2024.02.21.
“북한과 가까워 싫었다” 클린스만 ‘재택’ 고집한 황당 이유,https://n.news.naver.com/article/020/0003549166?type=journalists,2024.02.21.
손흥민 “이강인 힘든시간…너그럽게 용서해 달라”,https://n.news.naver.com/article/020/0003549153?type=journalists,2024.02.21.
"美, 나발니 사망 러 ‘중대 제재’ 곧 발표…“방산·돈줄 실질 타격”",https://n.news.naver.com/article/020/0003549151?type=journalists,2024.02.21.
이강인 “런던 찾아가 흥민이 형에 사과…흔쾌히 반겨줬다”,https://n.news.naver.com/article/020/0003549150?type=journalists,2024.02.21.
“장난 삼아” 친구가 툭…15m 절벽 아래로 추락,https://n.news.naver.com/article/020/0003549149?type=journalists,2024.02.21.
“잘 키울 자신 없다”…6살 아들 살해한 친모 2심도 징역 10년,https://n.news.naver.com/article/020/0003549148?type=journalists,2024.02.21.
"호주 태권도장엔 한인 엄마-아들, 집엔 아빠 시신…사범은 피투성이",https://n.news.naver.com/article/020/0003549146?type=journalists,2024.02.21.
중부고속도로 달리던 통근버스에 불…40명 긴급 대피,https://n.news.naver.com/article/020/0003548956?type=journalists,2024.02.20.
이삿짐 옮기던 작업자 8m 사다리차에서 떨어져 사망,https://n.news.naver.com/article/020/0003548955?type=journalists,2024.02.20.
"차에 치인 50대, 뒤따르던 차에 8㎞ 끌려가 숨져",https://n.news.naver.com/article/020/0003548948?type=journalists,2024.02.20.
“코인 싸게 팔게” 노상서 현금 10억 들고 튀었다…6인조 하루만에 붙잡혀,https://n.news.naver.com/article/020/0003548932?type=journalists,2024.02.20.
“누구세요?” 英아카데미 수상 무대에 낯선 남성이 슬쩍,https://n.news.naver.com/article/020/0003548921?type=journalists,2024.02.20.
인천 노상서 “현금 10억원 절도 당했다” 신고…경찰 추적,https://n.news.naver.com/article/020/0003548920?type=journalists,2024.02.20.
술 취한 20대 응급실서 의료진 폭행…출동경찰에 발길질도,https://n.news.naver.com/article/020/0003548918?type=journalists,2024.02.20.
"바이든, 나발니 의문사에 “러시아 추가 제재 검토”",https://n.news.naver.com/article/020/0003548917?type=journalists,2024.02.20.
새해 첫날 평창 LPG 가스 폭발에 전신 화상 입은 30대 숨져,https://n.news.naver.com/article/020/0003548916?type=journalists,2024.02.20.
“1억 빌린뒤 연락 끊어”…보컬그룹 출신 연예인 사기 혐의 송치,https://n.news.naver.com/article/020/0003548915?type=journalists,2024.02.20.
"대구 20대 현직 소방관, 차 안에서 숨진채 발견",https://n.news.naver.com/article/020/0003548914?type=journalists,2024.02.20.
"“자료 지우고 비번도 바꿔라” 전공의 ‘사직 지침’…경찰, 작성자 추적",https://n.news.naver.com/article/020/0003548737?type=journalists,2024.02.19.
“친구 때렸더니 쓰러졌다” 출동해보니 멀쩡…거짓신고 20대 즉결심판,https://n.news.naver.com/article/020/0003548729?type=journalists,2024.02.19.
‘우수’에 광주·전남 138㎜ 물폭탄…교통사고·침수 속출,https://n.news.naver.com/article/020/0003548721?type=journalists,2024.02.19.
CCTV 모니터에 수상한 모습…차에서 극단선택 시도 40대 구조,https://n.news.naver.com/article/020/0003548714?type=journalists,2024.02.19.
불나자 강아지 껴안고 베란다 피신…10살 아이 구조,https://n.news.naver.com/article/020/0003548710?type=journalists,2024.02.19.
고교생 제자 살해 협박에…방검복 입고 출근한 교사,https://n.news.naver.com/article/020/0003548709?type=journalists,2024.02.19.
불난 아파트 베란다서 20대 피 흘린 채 사망…이불엔 핏자국,https://n.news.naver.com/article/020/0003548708?type=journalists,2024.02.19.
"속리산 산행 40대, 20m 낭떠러지 추락해 숨져…“낙석에 쓸린 듯”",https://n.news.naver.com/article/020/0003548707?type=journalists,2024.02.19.
"대전역 선로 무단진입 80대, 무궁화호 열차에 치여 숨져",https://n.news.naver.com/article/020/0003548706?type=journalists,2024.02.19.
“나발니 사망 전 러 정보요원 교도소 방문…CCTV 제거”,https://n.news.naver.com/article/020/0003548705?type=journalists,2024.02.19.
“대리 부르셨죠?” 차에 타 흉기 위협한 男…도주 7시간 만에 체포,https://n.news.naver.com/article/020/0003548553?type=journalists,2024.02.17.
저혈당 쇼크 온 운전자 車 전복…퇴근길 경찰이 약먹여 구조,https://n.news.naver.com/article/020/0003548552?type=journalists,2024.02.17.
“인형뽑기 돈 소비 못참아” 무인가게 소화기 뿌린 여성,https://n.news.naver.com/article/020/0003548551?type=journalists,2024.02.17.
일산 동국대병원 화재 발생…191명 대피소동,https://n.news.naver.com/article/020/0003548550?type=journalists,2024.02.17.
"“유동규 차량이 2초 늦게 진입”…경찰, 화물차 사고 ‘공소권 없음’ 종결",https://n.news.naver.com/article/020/0003548549?type=journalists,2024.02.17.
"새벽에 음주 걸렸는데, 같은날 밤 또 만취 운전한 60대",https://n.news.naver.com/article/020/0003548548?type=journalists,2024.02.17.
KT 이강인 광고 포스터 철거…“프로모션 종료 따른 것”,https://n.news.naver.com/article/020/0003548547?type=journalists,2024.02.17.
"“엄마 죽지마, 아들 말에 ‘그놈’ 잡을 결심”…‘시민 덕희’ 못다 한 이야기 [그! 사람]",https://n.news.naver.com/article/020/0003548542?type=journalists,2024.02.17.
신생아 시신이 집 냉동실에…베트남 국적 친모 검거,https://n.news.naver.com/article/020/0003548439?type=journalists,2024.02.16.
시사평론 방송인 최영일 씨 대장암 투병 끝에 별세,https://n.news.naver.com/article/020/0003548390?type=journalists,2024.02.16.
"“손석구 아역은 딥페이크, 이재명 연상은 오해”…살인자ㅇ난감",https://n.news.naver.com/article/020/0003548376?type=journalists,2024.02.16.
"북한, 애국가에서 한반도 뜻하는 ‘삼천리’ 단어 삭제",https://n.news.naver.com/article/020/0003548363?type=journalists,2024.02.16.
경제난 아르헨의 비극… 고압선 훔치던 20대 신체 90% 화상 입고 사망,https://n.news.naver.com/article/020/0003547916?type=journalists,2024.02.14.
전남 화장장에서 금니 무더기 발견…수사 의뢰,https://n.news.naver.com/article/020/0003547894?type=journalists,2024.02.14.
여자 배구에 트렌스젠더 5명…정작 女선수는 벤치 신세,https://n.news.naver.com/article/020/0003547684?type=journalists,2024.02.13.
수갑차고 식당 돌아다니던 20대 붙잡혀…“열쇠 없어서”,https://n.news.naver.com/article/020/0003547667?type=journalists,2024.02.13.
충돌 감지한 휴대폰이 신고… 40대 여성 길에서 숨진 채 발견,https://n.news.naver.com/article/020/0003547658?type=journalists,2024.02.13.
설 연휴 고속도로 귀성행렬 시작…오후 6~7시 절정,https://n.news.naver.com/article/020/0003547274?type=journalists,2024.02.08.
도심 잔디밭에 불지른 뒤 불구경…60대 취객 체포,https://n.news.naver.com/article/020/0003547269?type=journalists,2024.02.08.
직장인 82% “연봉 협상 아닌 통보…물가 상승률 못미쳐”,https://n.news.naver.com/article/020/0003546872?type=journalists,2024.02.06.
40만원 빌려주고 2일만에 100만원…불법 대부 30명 검거,https://n.news.naver.com/article/020/0003546843?type=journalists,2024.02.06.
발로 트럭 핸들 잡고 고속도로 질주…“운전을 발로 배워서”,https://n.news.naver.com/article/020/0003546832?type=journalists,2024.02.06.
조수석 옮겨 앉더니 “친구 도망갔어요”…CCTV에 딱걸린 음주운전,https://n.news.naver.com/article/020/0003546819?type=journalists,2024.02.06.
음주운전 생중계 한 유튜버…시청자 신고로 덜미,https://n.news.naver.com/article/020/0003546811?type=journalists,2024.02.06.
길냥이가 명절 한우 택배 물어가…누구 책임?,https://n.news.naver.com/article/020/0003546806?type=journalists,2024.02.06.
설 명절 “고향 가겠다” 20대가 가장 높아…“여행보다는 집에서”,https://n.news.naver.com/article/020/0003546624?type=journalists,2024.02.05.
윤영미 “이부진 사장 팬 됐다…상인들 배려에 감동”,https://n.news.naver.com/article/020/0003546601?type=journalists,2024.02.05.
구명조끼 벗어주고 맨몸으로 400m 헤엄…5명 살린 의인 [따만사],https://n.news.naver.com/article/020/0003546275?type=journalists,2024.02.02.
“어디서건 기쁨주는 분이었다” 순직 소방관의 생전 영상엔…,https://n.news.naver.com/article/020/0003546066?type=journalists,2024.02.01.
"배현진 습격범, 유아인에게 커피 뿌린 그 학생…“골려주려고”",https://n.news.naver.com/article/020/0003546058?type=journalists,2024.02.01.
"주유소에서 소방관 흡연 논란…당국 “4년전 민원, 영상 못받아”",https://n.news.naver.com/article/020/0003546033?type=journalists,2024.02.01.
웃고 춤추며 무인점포 턴 여성 2명…양손 가득 챙겨 유유히,https://n.news.naver.com/article/020/0003546017?type=journalists,2024.02.01.
퇴근길 꽉 막히자 ‘전도된 경차’ 힘으로 일으켜 세운 경찰들 (영상),https://n.news.naver.com/article/020/0003545848?type=journalists,2024.01.31.
은행 대기표 불붙여 안내 책자에…방화 시도 50대 실형,https://n.news.naver.com/article/020/0003545822?type=journalists,2024.01.31.
가평 다리 밑에서 주민등록 말소된 50대 남성 시신 발견,https://n.news.naver.com/article/020/0003545812?type=journalists,2024.01.31.
사고수습 도우러 나왔다 ‘참변’…화물차 2차 사고로 3명 사상,https://n.news.naver.com/article/020/0003545759?type=journalists,2024.01.31.
해경 검문 불응하고 쇠파이프 휘두른 中어선 2척 나포,https://n.news.naver.com/article/020/0003545588?type=journalists,2024.01.30.
"시드니 부두에서 수영하던 카약 선수, 상어에 다리 물어뜯겨",https://n.news.naver.com/article/020/0003545579?type=journalists,2024.01.30.
어디서 왔니?…美동물원 인식표 단 독수리 광양서 발견,https://n.news.naver.com/article/020/0003545560?type=journalists,2024.01.30.
뚜껑 따지도 않은 중국산 고량주 안에 파리가…,https://n.news.naver.com/article/020/0003545539?type=journalists,2024.01.30.
"“최후는 본명으로” 49년 도주 日수배범, 자백 후 병원서 사망",https://n.news.naver.com/article/020/0003545527?type=journalists,2024.01.30.
공무시간에 ‘투잡’ 뛰러 근무지 이탈…구청 청원경찰 직위해제,https://n.news.naver.com/article/020/0003545350?type=journalists,2024.01.29.
"동시에 사라진 쌍둥이 형제, 하천변서 나란히 숨진 채 발견",https://n.news.naver.com/article/020/0003545344?type=journalists,2024.01.29.
“잡았다 요놈”…지켜보고 있는 줄 모르고 차량 털이(영상),https://n.news.naver.com/article/020/0003545330?type=journalists,2024.01.29.
"서울시, 근무평가 최하위 공무원 사상 첫 ‘직위해제’",https://n.news.naver.com/article/020/0003545308?type=journalists,2024.01.29.
"노점상 주차하다 그만…1t트럭 5m 계곡 추락, 2명 사상",https://n.news.naver.com/article/020/0003545122?type=journalists,2024.01.27.
‘피습’ 배현진 퇴원…“‘이러다 죽겠구나’ 공포 느껴”,https://n.news.naver.com/article/020/0003545120?type=journalists,2024.01.27.
"“배현진 습격범, 이재명 지지 집회 참석” 보도에…경찰 사실 확인 중",https://n.news.naver.com/article/020/0003545118?type=journalists,2024.01.27.
차선 변경 버스 피하려다…뒷바퀴 깔린 30대 여성 오토바이 운전자 숨져,https://n.news.naver.com/article/020/0003545117?type=journalists,2024.01.27.
“내 충고 안들어” 반지 낀 손으로 다른 환자 때려 실명…60대 징역 2년,https://n.news.naver.com/article/020/0003545112?type=journalists,2024.01.27.
“내가 피우겠다는데” 실내 흡연 제지하자 망치들고 달려든 남성,https://n.news.naver.com/article/020/0003545110?type=journalists,2024.01.27.
"“노 프라블럼”이라던 이근, 무면허운전 혐의 검찰송치",https://n.news.naver.com/article/020/0003545109?type=journalists,2024.01.27.
이웃 현관문 내리치고 “못 박으려고”…황당 주장 50대 실형,https://n.news.naver.com/article/020/0003545107?type=journalists,2024.01.27.
퇴사한 방송국 택배실 몰래 들어가 300만원어치 훔친 20대 여성,https://n.news.naver.com/article/020/0003545106?type=journalists,2024.01.27.
“무작위 10명에 3000만원씩 준다”…유튜버 이벤트에 中 난리,https://n.news.naver.com/article/020/0003545015?type=journalists,2024.01.26.
“살려달라” 외침에 로봇이 신고…위급 노인 목숨 건져,https://n.news.naver.com/article/020/0003545000?type=journalists,2024.01.26.
시내버스 종착지가 中광저우?…수원서 포착된 황당 전광판,https://n.news.naver.com/article/020/0003544994?type=journalists,2024.01.26.
“알려야 한다” 불난 건물 연기 따라 6층까지 올라간 순경 [따만사],https://n.news.naver.com/article/020/0003544993?type=journalists,2024.01.26.
"경제학 박사라던 그분, 정체는 ‘대역 배우’…“원금보장·고수익 거짓말”",https://n.news.naver.com/article/020/0003544989?type=journalists,2024.01.26.
수능 최고령 김정자 할머니 ‘숙명여대 꿈’ 이뤘다…손녀와 동문,https://n.news.naver.com/article/020/0003544977?type=journalists,2024.01.26.
“수첩에 대만 지도가 왜이래” 中공항 한국인 억류…당국 “경위 파악중”,https://n.news.naver.com/article/020/0003544816?type=journalists,2024.01.25.
"“자식들 안 찾아와” 中 할머니, 개·고양이에 37억원 상속",https://n.news.naver.com/article/020/0003544798?type=journalists,2024.01.25.
국가대표 제트스키 안에 마약이?…뜯어보니 전자담배,https://n.news.naver.com/article/020/0003544791?type=journalists,2024.01.25.
노모가 침대 속에 모은 용돈 1800만원 쓰레기장 갈뻔,https://n.news.naver.com/article/020/0003544785?type=journalists,2024.01.25.
"알코올 중독센터 40대, 외출 10일만에 흉기 찔려 숨진 채 발견",https://n.news.naver.com/article/020/0003544777?type=journalists,2024.01.25.
남이 내놓은 쓰레기 쏟고 종량제 봉투만 ‘쏙’…봉투 도둑 검거,https://n.news.naver.com/article/020/0003544761?type=journalists,2024.01.25.
이부진의 ‘배려’…폭설에 발묶인 제주 여행객 ‘무료 숙박’,https://n.news.naver.com/article/020/0003544756?type=journalists,2024.01.25.
"190명 탄 여객기, 앞바퀴 빠져 ‘데굴데굴’…이륙 전 큰일날 뻔",https://n.news.naver.com/article/020/0003544577?type=journalists,2024.01.24.
비닐봉지 열었더니 1000만원과 손편지…“홀母 학용품이라도”,https://n.news.naver.com/article/020/0003544554?type=journalists,2024.01.24.
장난으로 맨홀에 폭죽 던졌다 ‘펑’…춘제 앞둔 中 비상 (영상),https://n.news.naver.com/article/020/0003544524?type=journalists,2024.01.24.
"“전기장판, 절대 ‘이것’과 같이 쓰지 마세요”",https://n.news.naver.com/article/020/0003544506?type=journalists,2024.01.24.
수영장 체온유지풀 이용하던 80대 여성 사망,https://n.news.naver.com/article/020/0003544285?type=journalists,2024.01.23.
‘비계 삼겹살’ 논란 업체 결국…미추홀구 “계약 않기로”,https://n.news.naver.com/article/020/0003544278?type=journalists,2024.01.23.
교각 들이받은 전기차 전소…화염 휩싸인 운전자 사망,https://n.news.naver.com/article/020/0003544264?type=journalists,2024.01.23.
중앙선 넘나든 음주운전자 잡고보니…13년전 ‘사망처리’,https://n.news.naver.com/article/020/0003544262?type=journalists,2024.01.23.
"이슬람 사원 앞 돼지머리 놓은 주민, 업무방해 무혐의 처분",https://n.news.naver.com/article/020/0003543692?type=journalists,2024.01.19.
"갑자기 열린 車문에 넘어진 자전거 운전자, 버스에 깔려 숨져",https://n.news.naver.com/article/020/0003543690?type=journalists,2024.01.19.
5만원권 귀퉁이 자른 뒤 조각 이어 붙여 또 한장…고시원 남성 철창행,https://n.news.naver.com/article/020/0003543689?type=journalists,2024.01.19.
아파트 보일러 고장…일산화탄소 마신 일가족 4명 병원 이송,https://n.news.naver.com/article/020/0003543676?type=journalists,2024.01.19.
"3만원에 산 브로치, 알고보니 2500만원 ‘명작’",https://n.news.naver.com/article/020/0003543672?type=journalists,2024.01.19.
미래대연합 대변인 과거 ‘뺑소니’ 보도에…“인지하지 못한 접촉”,https://n.news.naver.com/article/020/0003543658?type=journalists,2024.01.19.
밤중 사다리 타고 올라가 성폭행…“피해자 극심한 공포”,https://n.news.naver.com/article/020/0003543653?type=journalists,2024.01.19.
‘식사제공’ 이상철 곡성군수 당선무효형…상고 포기,https://n.news.naver.com/article/020/0003543652?type=journalists,2024.01.19.
"‘불법촬영’ 혐의 황의조 출국금지…黃, 수사관 기피신청",https://n.news.naver.com/article/020/0003543651?type=journalists,2024.01.19.
“돌아가신 선생님에게서 장학금이”…부의금 남기고 떠난 교사,https://n.news.naver.com/article/020/0003543453?type=journalists,2024.01.18.
‘둔한 경찰 방검복은 안녕~’ 무게↓ 안전↑…신형 4종 보급,https://n.news.naver.com/article/020/0003543452?type=journalists,2024.01.18.
‘크롬 제3자 쿠키 중단이 불러올 변화’ 온라인 미디어 전략 세미나 개최,https://n.news.naver.com/article/020/0003543442?type=journalists,2024.01.18.
"명품 시계 때문에…슈워제네거 3시간 공항 억류, 무슨 일?",https://n.news.naver.com/article/020/0003543436?type=journalists,2024.01.18.
강남서 지방흡입수술 받은 20대 여성 사망…경찰 수사,https://n.news.naver.com/article/020/0003543424?type=journalists,2024.01.18.
"이번엔 지하철 ‘낙서 테러’, 담 넘어 들어가 4m 그림…용의자 3명 추적",https://n.news.naver.com/article/020/0003543414?type=journalists,2024.01.18.
화장실 다녀온 아이 미묘하게 달라…쌍둥이 ‘뷔페 바통터치’,https://n.news.naver.com/article/020/0003543413?type=journalists,2024.01.18.
여자친구가 보관 중인 나체사진 몰래 ‘찰칵’…지인에게 보낸 20대,https://n.news.naver.com/article/020/0003543412?type=journalists,2024.01.18.
단순 익사인 줄 알았는데…“바다 들어가라” CCTV에 찍힌 진실,https://n.news.naver.com/article/020/0003543411?type=journalists,2024.01.18.
"치매 아버지는 집에서, 간병 아들은 화단서 숨진 채 발견",https://n.news.naver.com/article/020/0003543183?type=journalists,2024.01.17.
건물주가 손 꼭 잡으며 “월세 깎자”…호프집 사장 ‘왈칵’,https://n.news.naver.com/article/020/0003543182?type=journalists,2024.01.17.
"가발에 하이힐, 키 180cm 몰카남, 시민들이 쇼핑카트로 가둬 응징",https://n.news.naver.com/article/020/0003543170?type=journalists,2024.01.17.
군 입대 피하려 ‘지적장애’ 진단…아이돌 멤버 집행유예,https://n.news.naver.com/article/020/0003543151?type=journalists,2024.01.17.
소화기 뿌리며 ‘깔깔’…철없는 10대에 아파트 지하 아수라장,https://n.news.naver.com/article/020/0003543146?type=journalists,2024.01.17.
한강 투신 시도 막았더니…경찰 폭행한 20대 벌금형,https://n.news.naver.com/article/020/0003543145?type=journalists,2024.01.17.
“北전력난에 열차 전복 400명 이상 사망…시체처리 전담반까지”,https://n.news.naver.com/article/020/0003543144?type=journalists,2024.01.17.
폭행당한 60대 경비원 “학생들 처벌 원한다” 입장바꿔,https://n.news.naver.com/article/020/0003543142?type=journalists,2024.01.17.
교통사고낸 음주운전자 옥상서 문 잠그고 숨어있다 덜미,https://n.news.naver.com/article/020/0003543141?type=journalists,2024.01.17.
"‘성난 사람들’ 에미상 8관왕…스티븐 연 남우주연상, 감독상, 작품상",https://n.news.naver.com/article/020/0003542945?type=journalists,2024.01.16.
"트럼프, 첫 경선 아이오와 압승…대세론 입증",https://n.news.naver.com/article/020/0003542942?type=journalists,2024.01.16.
‘성난 사람들’ 스티븐 연 에미상 남우주연상,https://n.news.naver.com/article/020/0003542939?type=journalists,2024.01.16.
“월급 루팡” SNS 글 올린 공무원은 출근 일주일 된 신입,https://n.news.naver.com/article/020/0003542936?type=journalists,2024.01.16.
손가락 3개 외계인?…페루 미라 정체는 “사람·동물 뼈 붙인 것”,https://n.news.naver.com/article/020/0003542918?type=journalists,2024.01.16.
‘롤스로이스 사건’ 재연될 뻔…마약 취한 운전자 인도 돌진해 ‘쾅’,https://n.news.naver.com/article/020/0003542909?type=journalists,2024.01.16.
‘이재명 셔츠 수거’ 논란에 부산경찰 “증거인멸 없었다”,https://n.news.naver.com/article/020/0003542905?type=journalists,2024.01.16.
구독자 늘리려고…가짜 ‘태풍 피해’ 중계한 유튜버 기소,https://n.news.naver.com/article/020/0003542904?type=journalists,2024.01.16.
김정은 “헌법에 ‘대한민국 제1적대국·불변의 주적’ 명기해야”,https://n.news.naver.com/article/020/0003542903?type=journalists,2024.01.16.
“쥐 잡겠다” 밀폐 거실에 살충제 20캔 살포했다가…‘펑!’,https://n.news.naver.com/article/020/0003542902?type=journalists,2024.01.16.
아파트 11층서 중학생 추락사…“사고 전 친구와 말다툼”,https://n.news.naver.com/article/020/0003542901?type=journalists,2024.01.16.
‘피해자 신상 언급’ 황의조·변호인 ‘2차 가해’ 입건,https://n.news.naver.com/article/020/0003542699?type=journalists,2024.01.15.
길에서 주운 장애인스티커 위조해 썼다가 징역형 집유 처벌,https://n.news.naver.com/article/020/0003542697?type=journalists,2024.01.15.
마약하고 아파트 비상벨 울린 40대…경비원이 의심해 신고,https://n.news.naver.com/article/020/0003542690?type=journalists,2024.01.15.
"‘펑’ 창밖으로 화염 분출, 초등생 일가족 3명 중태…방화 가능성",https://n.news.naver.com/article/020/0003542680?type=journalists,2024.01.15.
“출장 신청내고 카페 갔다”…‘월급 루팡’ 인증한 9급 공무원 논란,https://n.news.naver.com/article/020/0003542671?type=journalists,2024.01.15.
"‘세 모자’ 탄 경차, 음주 그랜저가 뒤에서 들이받아…아들 사망",https://n.news.naver.com/article/020/0003542666?type=journalists,2024.01.15.
“도둑이 문 열려 한다” 신고…출동해보니 마약 취해 횡설수설,https://n.news.naver.com/article/020/0003542665?type=journalists,2024.01.15.
딸뻘 민원인에게 “밥먹자” 연락한 50대 경찰 경징계 처분,https://n.news.naver.com/article/020/0003542664?type=journalists,2024.01.15.
“불나도 달려올 사람 없어”…시골서 노부부 사망 화재 잇따라,https://n.news.naver.com/article/020/0003542663?type=journalists,2024.01.15.
"“중상 아니네요” 日지진에 화상입은 5세, 입원 대기하다 사망",https://n.news.naver.com/article/020/0003542413?type=journalists,2024.01.12.
"징역 6년 받았던 ‘음주 뺑소니’ 의사, 2심서 집유 석방",https://n.news.naver.com/article/020/0003542393?type=journalists,2024.01.12.
“학폭 당했는데 가해자 됐다”…제도 허점에 두번 우는 피해자,https://n.news.naver.com/article/020/0003542378?type=journalists,2024.01.12.
폭발 현장 폴리스라인 넘은 불법체류자…70만 원 물건 훔쳐가,https://n.news.naver.com/article/020/0003542367?type=journalists,2024.01.12.
"김동성, 양육비 안줘 전처에 피소…“아빠 살아야 애들도 키우지”",https://n.news.naver.com/article/020/0003542349?type=journalists,2024.01.12.
오늘 ‘故이선균 사건’ 진상규명 촉구 회견…봉준호·장항준 등 참여,https://n.news.naver.com/article/020/0003542342?type=journalists,2024.01.12.
"결혼생활, 아내가 남편보다 ‘사랑’ 빨리 식는다…7년 넘으면 비슷",https://n.news.naver.com/article/020/0003542192?type=journalists,2024.01.11.
지나는 여성 기다렸다 ‘묻지마 어깨빵’…도주한 남성 추적 중,https://n.news.naver.com/article/020/0003542154?type=journalists,2024.01.11.
이륙 전 돌연 비상문 연 승객 활주로에 추락…319명 발 묶여,https://n.news.naver.com/article/020/0003542149?type=journalists,2024.01.11.
"온통 파란물…화성-평택 하천 7km 오염수 유입, 긴급 방제작업",https://n.news.naver.com/article/020/0003542147?type=journalists,2024.01.11.
휘발유 주유구에서 경유가…차량 17대 혼유 사고,https://n.news.naver.com/article/020/0003542134?type=journalists,2024.01.11.
공짜 치킨 줬더니 “돈도 달라” 황당 요구에 ‘회의감’ [e글e글],https://n.news.naver.com/article/020/0003542124?type=journalists,2024.01.11.
“봐도 너무 보네”…운전 중 스마트폰 놓지 못하는 버스기사,https://n.news.naver.com/article/020/0003541911?type=journalists,2024.01.10.
"노소영, 2심서 최태원 재산분할 ‘현금 2조원’으로 상향",https://n.news.naver.com/article/020/0003541899?type=journalists,2024.01.10.
앞좌석 남성 뚫어져라 주시…‘응급 승객’ 직감한 여성의 정체,https://n.news.naver.com/article/020/0003541881?type=journalists,2024.01.10.
"퇴사하며 파일 4200개 지우고, 홈페이지 초기화한 직원 벌금형",https://n.news.naver.com/article/020/0003541874?type=journalists,2024.01.10.
“넌 소방관이다” 마음속 외침에 달려가 보니 아이들이…[따만사],https://n.news.naver.com/article/020/0003541045?type=journalists,2024.01.05.
“빈소로 온 어머니 마지막 택배”…뜻밖의 조문객에 유족 울컥,https://n.news.naver.com/article/020/0003541009?type=journalists,2024.01.05.
주7일에 202만원?…‘염전노예’ 논란 공고 알고보니 “오해”,https://n.news.naver.com/article/020/0003540857?type=journalists,2024.01.04.
“1시간 자고나면 300만원 준다” 이색 ‘꿀알바’ 화제,https://n.news.naver.com/article/020/0003540850?type=journalists,2024.01.04.
경찰에 꽁꽁 에워싸인 한동훈…‘李 피습 여파’ 철통 경호,https://n.news.naver.com/article/020/0003540825?type=journalists,2024.01.04.
한동훈 “광주에 죄책감 대신 존경심…호남서 정말 당선되고 싶다”,https://n.news.naver.com/article/020/0003540819?type=journalists,2024.01.04.
추락사 현장에 ‘피 묻은 안전모’ 슬쩍…중대재해 조작·은폐 발각,https://n.news.naver.com/article/020/0003540806?type=journalists,2024.01.04.
“퇴실하라”는 모텔직원 목 조른 80대…‘단순폭행?’ 피해자 공포 시달려,https://n.news.naver.com/article/020/0003540796?type=journalists,2024.01.04.
‘현관 비번 깜빡’…옥상 통해 집 들어가려던 여성 추락사,https://n.news.naver.com/article/020/0003540784?type=journalists,2024.01.04.
"친명 정성호, 습격남 당원설에 “당내 특정세력 연관해선 안돼”",https://n.news.naver.com/article/020/0003540588?type=journalists,2024.01.03.
시민의식 빛났지만…차에 낀 12살 끝내 숨진 채 발견,https://n.news.naver.com/article/020/0003540580?type=journalists,2024.01.03.
"차도 쓰러져 있던 20대, 시내버스에 깔려 현장서 숨져",https://n.news.naver.com/article/020/0003540558?type=journalists,2024.01.03.
"전국 곳곳 눈 펑펑 ‘최대 10㎝’…오후부터 추워져, 빙판 주의",https://n.news.naver.com/article/020/0003540557?type=journalists,2024.01.03.
18세까지 1억 받는 아기…인천 출산 정책 1호 주인공 탄생,https://n.news.naver.com/article/020/0003540391?type=journalists,2024.01.02.
